feature,importance,fold
CNT_CHILDREN,20,1
AMT_INCOME_TOTAL,225,1
AMT_CREDIT,473,1
AMT_ANNUITY,670,1
AMT_GOODS_PRICE,423,1
REGION_POPULATION_RELATIVE,485,1
DAYS_BIRTH,906,1
DAYS_EMPLOYED,472,1
DAYS_REGISTRATION,543,1
DAYS_ID_PUBLISH,558,1
OWN_CAR_AGE,155,1
FLAG_MOBIL,0,1
FLAG_EMP_PHONE,2,1
FLAG_WORK_PHONE,92,1
FLAG_CONT_MOBILE,0,1
FLAG_PHONE,31,1
FLAG_EMAIL,15,1
CNT_FAM_MEMBERS,11,1
REGION_RATING_CLIENT,23,1
REGION_RATING_CLIENT_W_CITY,136,1
HOUR_APPR_PROCESS_START,178,1
REG_REGION_NOT_LIVE_REGION,2,1
REG_REGION_NOT_WORK_REGION,5,1
LIVE_REGION_NOT_WORK_REGION,5,1
REG_CITY_NOT_LIVE_CITY,76,1
REG_CITY_NOT_WORK_CITY,9,1
LIVE_CITY_NOT_WORK_CITY,24,1
EXT_SOURCE_1,981,1
EXT_SOURCE_2,967,1
EXT_SOURCE_3,1038,1
APARTMENTS_AVG,77,1
BASEMENTAREA_AVG,65,1
YEARS_BEGINEXPLUATATION_AVG,65,1
YEARS_BUILD_AVG,47,1
COMMONAREA_AVG,43,1
ELEVATORS_AVG,7,1
ENTRANCES_AVG,28,1
FLOORSMAX_AVG,27,1
FLOORSMIN_AVG,22,1
LANDAREA_AVG,68,1
LIVINGAPARTMENTS_AVG,47,1
LIVINGAREA_AVG,62,1
NONLIVINGAPARTMENTS_AVG,26,1
NONLIVINGAREA_AVG,89,1
APARTMENTS_MODE,79,1
BASEMENTAREA_MODE,75,1
YEARS_BEGINEXPLUATATION_MODE,95,1
YEARS_BUILD_MODE,54,1
COMMONAREA_MODE,74,1
ELEVATORS_MODE,1,1
ENTRANCES_MODE,41,1
FLOORSMAX_MODE,15,1
FLOORSMIN_MODE,33,1
LANDAREA_MODE,59,1
LIVINGAPARTMENTS_MODE,29,1
LIVINGAREA_MODE,78,1
NONLIVINGAPARTMENTS_MODE,10,1
NONLIVINGAREA_MODE,60,1
APARTMENTS_MEDI,78,1
BASEMENTAREA_MEDI,38,1
YEARS_BEGINEXPLUATATION_MEDI,66,1
YEARS_BUILD_MEDI,17,1
COMMONAREA_MEDI,45,1
ELEVATORS_MEDI,4,1
ENTRANCES_MEDI,35,1
FLOORSMAX_MEDI,13,1
FLOORSMIN_MEDI,8,1
LANDAREA_MEDI,66,1
LIVINGAPARTMENTS_MEDI,20,1
LIVINGAREA_MEDI,49,1
NONLIVINGAPARTMENTS_MEDI,15,1
NONLIVINGAREA_MEDI,25,1
TOTALAREA_MODE,111,1
OBS_30_CNT_SOCIAL_CIRCLE,96,1
DEF_30_CNT_SOCIAL_CIRCLE,96,1
OBS_60_CNT_SOCIAL_CIRCLE,97,1
DEF_60_CNT_SOCIAL_CIRCLE,61,1
DAYS_LAST_PHONE_CHANGE,485,1
FLAG_DOCUMENT_2,0,1
FLAG_DOCUMENT_3,108,1
FLAG_DOCUMENT_4,0,1
FLAG_DOCUMENT_5,0,1
FLAG_DOCUMENT_6,10,1
FLAG_DOCUMENT_7,0,1
FLAG_DOCUMENT_8,3,1
FLAG_DOCUMENT_9,0,1
FLAG_DOCUMENT_10,0,1
FLAG_DOCUMENT_11,14,1
FLAG_DOCUMENT_12,0,1
FLAG_DOCUMENT_13,0,1
FLAG_DOCUMENT_14,0,1
FLAG_DOCUMENT_15,0,1
FLAG_DOCUMENT_16,41,1
FLAG_DOCUMENT_17,0,1
FLAG_DOCUMENT_18,47,1
FLAG_DOCUMENT_19,0,1
FLAG_DOCUMENT_20,0,1
FLAG_DOCUMENT_21,0,1
AMT_REQ_CREDIT_BUREAU_HOUR,0,1
AMT_REQ_CREDIT_BUREAU_DAY,12,1
AMT_REQ_CREDIT_BUREAU_WEEK,14,1
AMT_REQ_CREDIT_BUREAU_MON,41,1
AMT_REQ_CREDIT_BUREAU_QRT,57,1
AMT_REQ_CREDIT_BUREAU_YEAR,81,1
CREDIT_INCOME_RATIO,366,1
ANNUITY_INCOME_RATIO,463,1
CREDIT_TERM,1415,1
DAYS_EMPLOYED_RATIO,261,1
WORKING_INCOME_FLAG,51,1
OWN_CAR_AGE_FLAG,48,1
NAME_CONTRACT_TYPE_Revolving_loans,91,1
NAME_CONTRACT_TYPE_nan,0,1
CODE_GENDER_M,205,1
CODE_GENDER_XNA,0,1
CODE_GENDER_nan,0,1
FLAG_OWN_CAR_Y,100,1
FLAG_OWN_CAR_nan,0,1
FLAG_OWN_REALTY_Y,17,1
FLAG_OWN_REALTY_nan,0,1
NAME_TYPE_SUITE_Family,1,1
NAME_TYPE_SUITE_Group_of_people,0,1
NAME_TYPE_SUITE_Other_A,0,1
NAME_TYPE_SUITE_Other_B,13,1
NAME_TYPE_SUITE_Spouse__partner,1,1
NAME_TYPE_SUITE_Unaccompanied,7,1
NAME_TYPE_SUITE_nan,6,1
NAME_INCOME_TYPE_Commercial_associate,4,1
NAME_INCOME_TYPE_Maternity_leave,0,1
NAME_INCOME_TYPE_Pensioner,3,1
NAME_INCOME_TYPE_State_servant,20,1
NAME_INCOME_TYPE_Student,0,1
NAME_INCOME_TYPE_Unemployed,0,1
NAME_INCOME_TYPE_Working,0,1
NAME_INCOME_TYPE_nan,0,1
NAME_EDUCATION_TYPE_Higher_education,101,1
NAME_EDUCATION_TYPE_Incomplete_higher,3,1
NAME_EDUCATION_TYPE_Lower_secondary,11,1
NAME_EDUCATION_TYPE_Secondary___secondary_special,50,1
NAME_EDUCATION_TYPE_nan,0,1
NAME_FAMILY_STATUS_Married,165,1
NAME_FAMILY_STATUS_Separated,3,1
NAME_FAMILY_STATUS_Single___not_married,15,1
NAME_FAMILY_STATUS_Unknown,0,1
NAME_FAMILY_STATUS_Widow,4,1
NAME_FAMILY_STATUS_nan,0,1
NAME_HOUSING_TYPE_House___apartment,27,1
NAME_HOUSING_TYPE_Municipal_apartment,30,1
NAME_HOUSING_TYPE_Office_apartment,34,1
NAME_HOUSING_TYPE_Rented_apartment,1,1
NAME_HOUSING_TYPE_With_parents,5,1
NAME_HOUSING_TYPE_nan,0,1
OCCUPATION_TYPE_Cleaning_staff,8,1
OCCUPATION_TYPE_Cooking_staff,3,1
OCCUPATION_TYPE_Core_staff,53,1
OCCUPATION_TYPE_Drivers,48,1
OCCUPATION_TYPE_HR_staff,0,1
OCCUPATION_TYPE_High_skill_tech_staff,16,1
OCCUPATION_TYPE_IT_staff,0,1
OCCUPATION_TYPE_Laborers,36,1
OCCUPATION_TYPE_Low_skill_Laborers,16,1
OCCUPATION_TYPE_Managers,4,1
OCCUPATION_TYPE_Medicine_staff,28,1
OCCUPATION_TYPE_Private_service_staff,0,1
OCCUPATION_TYPE_Realty_agents,0,1
OCCUPATION_TYPE_Sales_staff,9,1
OCCUPATION_TYPE_Secretaries,0,1
OCCUPATION_TYPE_Security_staff,0,1
OCCUPATION_TYPE_Waiters_barmen_staff,1,1
OCCUPATION_TYPE_nan,17,1
WEEKDAY_APPR_PROCESS_START_MONDAY,39,1
WEEKDAY_APPR_PROCESS_START_SATURDAY,8,1
WEEKDAY_APPR_PROCESS_START_SUNDAY,34,1
WEEKDAY_APPR_PROCESS_START_THURSDAY,1,1
WEEKDAY_APPR_PROCESS_START_TUESDAY,18,1
WEEKDAY_APPR_PROCESS_START_WEDNESDAY,18,1
WEEKDAY_APPR_PROCESS_START_nan,0,1
ORGANIZATION_TYPE_Agriculture,0,1
ORGANIZATION_TYPE_Bank,42,1
ORGANIZATION_TYPE_Business_Entity_Type_1,1,1
ORGANIZATION_TYPE_Business_Entity_Type_2,0,1
ORGANIZATION_TYPE_Business_Entity_Type_3,53,1
ORGANIZATION_TYPE_Cleaning,0,1
ORGANIZATION_TYPE_Construction,40,1
ORGANIZATION_TYPE_Culture,0,1
ORGANIZATION_TYPE_Electricity,0,1
ORGANIZATION_TYPE_Emergency,0,1
ORGANIZATION_TYPE_Government,11,1
ORGANIZATION_TYPE_Hotel,15,1
ORGANIZATION_TYPE_Housing,1,1
ORGANIZATION_TYPE_Industry__type_1,0,1
ORGANIZATION_TYPE_Industry__type_10,0,1
ORGANIZATION_TYPE_Industry__type_11,0,1
ORGANIZATION_TYPE_Industry__type_12,0,1
ORGANIZATION_TYPE_Industry__type_13,0,1
ORGANIZATION_TYPE_Industry__type_2,0,1
ORGANIZATION_TYPE_Industry__type_3,8,1
ORGANIZATION_TYPE_Industry__type_4,0,1
ORGANIZATION_TYPE_Industry__type_5,0,1
ORGANIZATION_TYPE_Industry__type_6,0,1
ORGANIZATION_TYPE_Industry__type_7,0,1
ORGANIZATION_TYPE_Industry__type_8,0,1
ORGANIZATION_TYPE_Industry__type_9,45,1
ORGANIZATION_TYPE_Insurance,0,1
ORGANIZATION_TYPE_Kindergarten,5,1
ORGANIZATION_TYPE_Legal_Services,0,1
ORGANIZATION_TYPE_Medicine,14,1
ORGANIZATION_TYPE_Military,56,1
ORGANIZATION_TYPE_Mobile,0,1
ORGANIZATION_TYPE_Other,0,1
ORGANIZATION_TYPE_Police,29,1
ORGANIZATION_TYPE_Postal,1,1
ORGANIZATION_TYPE_Realtor,0,1
ORGANIZATION_TYPE_Religion,0,1
ORGANIZATION_TYPE_Restaurant,1,1
ORGANIZATION_TYPE_School,47,1
ORGANIZATION_TYPE_Security,5,1
ORGANIZATION_TYPE_Security_Ministries,15,1
ORGANIZATION_TYPE_Self_employed,58,1
ORGANIZATION_TYPE_Services,0,1
ORGANIZATION_TYPE_Telecom,0,1
ORGANIZATION_TYPE_Trade__type_1,0,1
ORGANIZATION_TYPE_Trade__type_2,13,1
ORGANIZATION_TYPE_Trade__type_3,4,1
ORGANIZATION_TYPE_Trade__type_4,0,1
ORGANIZATION_TYPE_Trade__type_5,0,1
ORGANIZATION_TYPE_Trade__type_6,0,1
ORGANIZATION_TYPE_Trade__type_7,1,1
ORGANIZATION_TYPE_Transport__type_1,0,1
ORGANIZATION_TYPE_Transport__type_2,0,1
ORGANIZATION_TYPE_Transport__type_3,40,1
ORGANIZATION_TYPE_Transport__type_4,1,1
ORGANIZATION_TYPE_University,0,1
ORGANIZATION_TYPE_XNA,0,1
ORGANIZATION_TYPE_nan,0,1
FONDKAPREMONT_MODE_org_spec_account,13,1
FONDKAPREMONT_MODE_reg_oper_account,3,1
FONDKAPREMONT_MODE_reg_oper_spec_account,6,1
FONDKAPREMONT_MODE_nan,10,1
HOUSETYPE_MODE_specific_housing,1,1
HOUSETYPE_MODE_terraced_house,0,1
HOUSETYPE_MODE_nan,6,1
WALLSMATERIAL_MODE_Mixed,0,1
WALLSMATERIAL_MODE_Monolithic,0,1
WALLSMATERIAL_MODE_Others,1,1
WALLSMATERIAL_MODE_Panel,11,1
WALLSMATERIAL_MODE_Stone__brick,11,1
WALLSMATERIAL_MODE_Wooden,0,1
WALLSMATERIAL_MODE_nan,4,1
EMERGENCYSTATE_MODE_Yes,0,1
EMERGENCYSTATE_MODE_nan,11,1
ORIG_NAME_INCOME_TYPE_Commercial_associate,1,1
ORIG_NAME_INCOME_TYPE_Maternity_leave,0,1
ORIG_NAME_INCOME_TYPE_Pensioner,0,1
ORIG_NAME_INCOME_TYPE_State_servant,1,1
ORIG_NAME_INCOME_TYPE_Student,0,1
ORIG_NAME_INCOME_TYPE_Unemployed,0,1
ORIG_NAME_INCOME_TYPE_Working,0,1
ORIG_NAME_INCOME_TYPE_nan,0,1
BUREAU_DAYS_CREDIT_MIN,124,1
BUREAU_DAYS_CREDIT_MAX,591,1
BUREAU_DAYS_CREDIT_MEAN,315,1
BUREAU_DAYS_CREDIT_STD,185,1
BUREAU_DAYS_CREDIT_COUNT,134,1
BUREAU_DAYS_CREDIT_ENDDATE_MIN,206,1
BUREAU_DAYS_CREDIT_ENDDATE_MAX,530,1
BUREAU_DAYS_CREDIT_ENDDATE_MEAN,266,1
BUREAU_DAYS_CREDIT_UPDATE_MIN,206,1
BUREAU_DAYS_CREDIT_UPDATE_MEAN,196,1
BUREAU_CREDIT_DAY_OVERDUE_MAX,11,1
BUREAU_CREDIT_DAY_OVERDUE_MEAN,3,1
BUREAU_CREDIT_DAY_OVERDUE_SUM,3,1
BUREAU_AMT_CREDIT_MAX_OVERDUE_MAX,223,1
BUREAU_AMT_CREDIT_MAX_OVERDUE_MEAN,180,1
BUREAU_AMT_CREDIT_SUM_MAX,346,1
BUREAU_AMT_CREDIT_SUM_MEAN,293,1
BUREAU_AMT_CREDIT_SUM_SUM,232,1
BUREAU_AMT_CREDIT_SUM_DEBT_MAX,205,1
BUREAU_AMT_CREDIT_SUM_DEBT_MEAN,280,1
BUREAU_AMT_CREDIT_SUM_DEBT_SUM,320,1
BUREAU_AMT_CREDIT_SUM_OVERDUE_MAX,42,1
BUREAU_AMT_CREDIT_SUM_OVERDUE_MEAN,48,1
BUREAU_AMT_CREDIT_SUM_OVERDUE_SUM,2,1
BUREAU_AMT_CREDIT_SUM_LIMIT_MAX,91,1
BUREAU_AMT_CREDIT_SUM_LIMIT_MEAN,151,1
BUREAU_AMT_CREDIT_SUM_LIMIT_SUM,80,1
BUREAU_AMT_ANNUITY_MAX,35,1
BUREAU_AMT_ANNUITY_MEAN,59,1
BUREAU_AMT_ANNUITY_SUM,58,1
BUREAU_CNT_CREDIT_PROLONG_MAX,0,1
BUREAU_CNT_CREDIT_PROLONG_MEAN,5,1
BUREAU_CNT_CREDIT_PROLONG_SUM,0,1
BUREAU_BB_MONTHS_BALANCE_MIN_MIN,17,1
BUREAU_BB_MONTHS_BALANCE_MIN_MAX,35,1
BUREAU_BB_MONTHS_BALANCE_MIN_MEAN,35,1
BUREAU_BB_MONTHS_BALANCE_MAX_MIN,31,1
BUREAU_BB_MONTHS_BALANCE_MAX_MAX,1,1
BUREAU_BB_MONTHS_BALANCE_MAX_MEAN,85,1
BUREAU_BB_MONTHS_BALANCE_SIZE_MIN,44,1
BUREAU_BB_MONTHS_BALANCE_SIZE_MAX,56,1
BUREAU_BB_MONTHS_BALANCE_SIZE_MEAN,72,1
BUREAU_BB_MONTHS_BALANCE_SIZE_SUM,137,1
BUREAU_BB_MONTHS_BALANCE_MEAN_MIN,51,1
BUREAU_BB_MONTHS_BALANCE_MEAN_MAX,30,1
BUREAU_BB_MONTHS_BALANCE_MEAN_MEAN,38,1
BUREAU_BB_STATUS_NUNIQUE_MIN,0,1
BUREAU_BB_STATUS_NUNIQUE_MAX,0,1
BUREAU_BB_STATUS_NUNIQUE_MEAN,0,1
CLOSED_DAYS_CREDIT_MIN,100,1
CLOSED_DAYS_CREDIT_MAX,324,1
CLOSED_DAYS_CREDIT_MEAN,159,1
CLOSED_DAYS_CREDIT_COUNT,69,1
CLOSED_AMT_CREDIT_SUM_MAX,167,1
CLOSED_AMT_CREDIT_SUM_MEAN,247,1
CLOSED_AMT_CREDIT_SUM_SUM,220,1
CLOSED_AMT_CREDIT_SUM_DEBT_MAX,60,1
CLOSED_AMT_CREDIT_SUM_DEBT_MEAN,21,1
CLOSED_AMT_CREDIT_SUM_DEBT_SUM,15,1
PREV_SK_ID_PREV_NUNIQUE,62,1
PREV_SK_ID_PREV_COUNT,2,1
PREV_AMT_ANNUITY_MIN,275,1
PREV_AMT_ANNUITY_MAX,194,1
PREV_AMT_ANNUITY_MEAN,308,1
PREV_AMT_ANNUITY_SUM,180,1
PREV_AMT_APPLICATION_MIN,52,1
PREV_AMT_APPLICATION_MAX,75,1
PREV_AMT_APPLICATION_MEAN,102,1
PREV_AMT_APPLICATION_SUM,73,1
PREV_AMT_CREDIT_MIN,122,1
PREV_AMT_CREDIT_MAX,132,1
PREV_AMT_CREDIT_MEAN,121,1
PREV_AMT_CREDIT_SUM,87,1
PREV_APP_CREDIT_RATIO_MIN,70,1
PREV_APP_CREDIT_RATIO_MAX,209,1
PREV_APP_CREDIT_RATIO_MEAN,199,1
PREV_APP_CREDIT_RATIO_VAR,137,1
PREV_AMT_DOWN_PAYMENT_MIN,129,1
PREV_AMT_DOWN_PAYMENT_MAX,181,1
PREV_AMT_DOWN_PAYMENT_MEAN,128,1
PREV_AMT_DOWN_PAYMENT_SUM,210,1
PREV_AMT_GOODS_PRICE_MIN,238,1
PREV_AMT_GOODS_PRICE_MAX,5,1
PREV_AMT_GOODS_PRICE_MEAN,153,1
PREV_AMT_GOODS_PRICE_SUM,12,1
PREV_CREDIT_TO_GOODS_RATIO_MIN,114,1
PREV_CREDIT_TO_GOODS_RATIO_MAX,376,1
PREV_CREDIT_TO_GOODS_RATIO_MEAN,277,1
PREV_CREDIT_TO_GOODS_RATIO_VAR,187,1
PREV_HOUR_APPR_PROCESS_START_MIN,85,1
PREV_HOUR_APPR_PROCESS_START_MAX,128,1
PREV_HOUR_APPR_PROCESS_START_MEAN,266,1
PREV_DAYS_DECISION_MIN,185,1
PREV_DAYS_DECISION_MAX,301,1
PREV_DAYS_DECISION_MEAN,241,1
PREV_CNT_PAYMENT_MIN,44,1
PREV_CNT_PAYMENT_MAX,55,1
PREV_CNT_PAYMENT_MEAN,289,1
PREV_CNT_PAYMENT_SUM,104,1
REFUSED_SK_ID_PREV_NUNIQUE,193,1
REFUSED_SK_ID_PREV_COUNT,5,1
REFUSED_AMT_CREDIT_MIN,90,1
REFUSED_AMT_CREDIT_MAX,77,1
REFUSED_AMT_CREDIT_MEAN,50,1
REFUSED_AMT_CREDIT_SUM,91,1
REFUSED_AMT_APPLICATION_MIN,84,1
REFUSED_AMT_APPLICATION_MAX,79,1
REFUSED_AMT_APPLICATION_MEAN,41,1
REFUSED_AMT_APPLICATION_SUM,94,1
POS_SK_ID_PREV_NUNIQUE,61,1
POS_SK_ID_PREV_COUNT,202,1
POS_MONTHS_BALANCE_MIN,134,1
POS_MONTHS_BALANCE_MAX,240,1
POS_MONTHS_BALANCE_MEAN,191,1
POS_MONTHS_BALANCE_SIZE,7,1
POS_CNT_INSTALMENT_MIN,105,1
POS_CNT_INSTALMENT_MAX,64,1
POS_CNT_INSTALMENT_MEAN,149,1
POS_CNT_INSTALMENT_SUM,111,1
POS_CNT_INSTALMENT_FUTURE_MIN,4,1
POS_CNT_INSTALMENT_FUTURE_MAX,55,1
POS_CNT_INSTALMENT_FUTURE_MEAN,404,1
POS_CNT_INSTALMENT_FUTURE_SUM,111,1
POS_SK_DPD_MAX,15,1
POS_SK_DPD_MEAN,81,1
POS_SK_DPD_SUM,60,1
POS_SK_DPD_DEF_MAX,54,1
POS_SK_DPD_DEF_MEAN,143,1
POS_SK_DPD_DEF_SUM,24,1
POS_LATEST_SK_ID_PREV_COUNT,6,1
POS_LATEST_CNT_INSTALMENT_MIN,17,1
POS_LATEST_CNT_INSTALMENT_MAX,77,1
POS_LATEST_CNT_INSTALMENT_MEAN,226,1
POS_LATEST_CNT_INSTALMENT_SUM,125,1
POS_LATEST_CNT_INSTALMENT_FUTURE_MIN,1,1
POS_LATEST_CNT_INSTALMENT_FUTURE_MAX,170,1
POS_LATEST_CNT_INSTALMENT_FUTURE_MEAN,257,1
POS_LATEST_CNT_INSTALMENT_FUTURE_SUM,174,1
POS_LATEST_SK_DPD_MAX,37,1
POS_LATEST_SK_DPD_MEAN,48,1
POS_LATEST_SK_DPD_DEF_MAX,4,1
POS_LATEST_SK_DPD_DEF_MEAN,16,1
INST_SK_ID_PREV_NUNIQUE,30,1
INST_SK_ID_PREV_COUNT,141,1
INST_NUM_INSTALMENT_VERSION_NUNIQUE,64,1
INST_NUM_INSTALMENT_VERSION_MAX,51,1
INST_DAYS_INSTALMENT_MIN,169,1
INST_DAYS_INSTALMENT_MAX,248,1
INST_DAYS_INSTALMENT_MEAN,135,1
INST_DAYS_ENTRY_PAYMENT_MIN,126,1
INST_DAYS_ENTRY_PAYMENT_MAX,279,1
INST_DAYS_ENTRY_PAYMENT_MEAN,124,1
INST_AMT_INSTALMENT_MIN,297,1
INST_AMT_INSTALMENT_MAX,253,1
INST_AMT_INSTALMENT_MEAN,143,1
INST_AMT_INSTALMENT_SUM,172,1
INST_AMT_PAYMENT_MIN,214,1
INST_AMT_PAYMENT_MAX,199,1
INST_AMT_PAYMENT_MEAN,228,1
INST_AMT_PAYMENT_SUM,381,1
INST_PAYMENT_RATIO_MIN,172,1
INST_PAYMENT_RATIO_MAX,18,1
INST_PAYMENT_RATIO_MEAN,158,1
INST_PAYMENT_RATIO_VAR,122,1
INST_PAYMENT_DIFF_MIN,18,1
INST_PAYMENT_DIFF_MAX,127,1
INST_PAYMENT_DIFF_MEAN,207,1
INST_PAYMENT_DIFF_SUM,139,1
INST_DAYS_LATE_MAX,83,1
INST_DAYS_LATE_MEAN,335,1
INST_DAYS_LATE_SUM,91,1
INST_DAYS_EARLY_MAX,221,1
INST_DAYS_EARLY_MEAN,293,1
INST_DAYS_EARLY_SUM,360,1
LATE_SK_ID_PREV_NUNIQUE,73,1
LATE_SK_ID_PREV_COUNT,65,1
LATE_DAYS_LATE_MAX,4,1
LATE_DAYS_LATE_MEAN,168,1
LATE_DAYS_LATE_SUM,7,1
LATE_AMT_PAYMENT_MIN,189,1
LATE_AMT_PAYMENT_MAX,228,1
LATE_AMT_PAYMENT_MEAN,190,1
LATE_AMT_PAYMENT_SUM,142,1
CC_SK_ID_PREV_NUNIQUE,0,1
CC_SK_ID_PREV_COUNT,22,1
CC_MONTHS_BALANCE_MIN,42,1
CC_MONTHS_BALANCE_MAX,6,1
CC_MONTHS_BALANCE_SIZE,2,1
CC_MONTHS_BALANCE_MEAN,26,1
CC_AMT_BALANCE_MIN,31,1
CC_AMT_BALANCE_MAX,7,1
CC_AMT_BALANCE_MEAN,13,1
CC_AMT_BALANCE_SUM,9,1
CC_AMT_BALANCE_VAR,66,1
CC_AMT_CREDIT_LIMIT_ACTUAL_MIN,40,1
CC_AMT_CREDIT_LIMIT_ACTUAL_MAX,16,1
CC_AMT_CREDIT_LIMIT_ACTUAL_MEAN,104,1
CC_AMT_CREDIT_LIMIT_ACTUAL_SUM,55,1
CC_AMT_DRAWINGS_ATM_CURRENT_MIN,0,1
CC_AMT_DRAWINGS_ATM_CURRENT_MAX,42,1
CC_AMT_DRAWINGS_ATM_CURRENT_MEAN,33,1
CC_AMT_DRAWINGS_ATM_CURRENT_SUM,25,1
CC_AMT_DRAWINGS_CURRENT_MIN,10,1
CC_AMT_DRAWINGS_CURRENT_MAX,34,1
CC_AMT_DRAWINGS_CURRENT_MEAN,20,1
CC_AMT_DRAWINGS_CURRENT_SUM,22,1
CC_AMT_DRAWINGS_OTHER_CURRENT_MIN,0,1
CC_AMT_DRAWINGS_OTHER_CURRENT_MAX,10,1
CC_AMT_DRAWINGS_OTHER_CURRENT_MEAN,1,1
CC_AMT_DRAWINGS_OTHER_CURRENT_SUM,12,1
CC_AMT_DRAWINGS_POS_CURRENT_MIN,26,1
CC_AMT_DRAWINGS_POS_CURRENT_MAX,59,1
CC_AMT_DRAWINGS_POS_CURRENT_MEAN,30,1
CC_AMT_DRAWINGS_POS_CURRENT_SUM,77,1
CC_AMT_INST_MIN_REGULARITY_MIN,1,1
CC_AMT_INST_MIN_REGULARITY_MAX,12,1
CC_AMT_INST_MIN_REGULARITY_MEAN,10,1
CC_AMT_INST_MIN_REGULARITY_SUM,38,1
CC_AMT_PAYMENT_CURRENT_MIN,53,1
CC_AMT_PAYMENT_CURRENT_MAX,49,1
CC_AMT_PAYMENT_CURRENT_MEAN,63,1
CC_AMT_PAYMENT_CURRENT_SUM,56,1
CC_AMT_PAYMENT_TOTAL_CURRENT_MIN,0,1
CC_AMT_PAYMENT_TOTAL_CURRENT_MAX,35,1
CC_AMT_PAYMENT_TOTAL_CURRENT_MEAN,61,1
CC_AMT_PAYMENT_TOTAL_CURRENT_SUM,44,1
CC_AMT_RECEIVABLE_PRINCIPAL_MIN,9,1
CC_AMT_RECEIVABLE_PRINCIPAL_MAX,16,1
CC_AMT_RECEIVABLE_PRINCIPAL_MEAN,28,1
CC_AMT_RECEIVABLE_PRINCIPAL_SUM,15,1
CC_AMT_RECIVABLE_MIN,36,1
CC_AMT_RECIVABLE_MAX,15,1
CC_AMT_RECIVABLE_MEAN,14,1
CC_AMT_RECIVABLE_SUM,3,1
CC_AMT_TOTAL_RECEIVABLE_MIN,14,1
CC_AMT_TOTAL_RECEIVABLE_MAX,2,1
CC_AMT_TOTAL_RECEIVABLE_MEAN,0,1
CC_AMT_TOTAL_RECEIVABLE_SUM,1,1
CC_CNT_DRAWINGS_ATM_CURRENT_MIN,0,1
CC_CNT_DRAWINGS_ATM_CURRENT_MAX,28,1
CC_CNT_DRAWINGS_ATM_CURRENT_MEAN,217,1
CC_CNT_DRAWINGS_ATM_CURRENT_SUM,53,1
CC_CNT_DRAWINGS_CURRENT_MIN,5,1
CC_CNT_DRAWINGS_CURRENT_MAX,102,1
CC_CNT_DRAWINGS_CURRENT_MEAN,92,1
CC_CNT_DRAWINGS_CURRENT_SUM,64,1
CC_CNT_DRAWINGS_OTHER_CURRENT_MIN,0,1
CC_CNT_DRAWINGS_OTHER_CURRENT_MAX,0,1
CC_CNT_DRAWINGS_OTHER_CURRENT_MEAN,2,1
CC_CNT_DRAWINGS_OTHER_CURRENT_SUM,0,1
CC_CNT_DRAWINGS_POS_CURRENT_MIN,0,1
CC_CNT_DRAWINGS_POS_CURRENT_MAX,22,1
CC_CNT_DRAWINGS_POS_CURRENT_MEAN,32,1
CC_CNT_DRAWINGS_POS_CURRENT_SUM,18,1
CC_CNT_INSTALMENT_MATURE_CUM_MIN,2,1
CC_CNT_INSTALMENT_MATURE_CUM_MAX,12,1
CC_CNT_INSTALMENT_MATURE_CUM_MEAN,30,1
CC_CNT_INSTALMENT_MATURE_CUM_SUM,22,1
CC_SK_DPD_MAX,5,1
CC_SK_DPD_MEAN,14,1
CC_SK_DPD_SUM,15,1
CC_SK_DPD_DEF_MAX,2,1
CC_SK_DPD_DEF_MEAN,37,1
CC_SK_DPD_DEF_SUM,0,1
CC_CREDIT_PAYMENT_RATIO_MIN,0,1
CC_CREDIT_PAYMENT_RATIO_MAX,31,1
CC_CREDIT_PAYMENT_RATIO_MEAN,63,1
CC_CREDIT_PAYMENT_RATIO_VAR,42,1
CC_CREDIT_DRAWINGS_RATIO_MIN,17,1
CC_CREDIT_DRAWINGS_RATIO_MAX,64,1
CC_CREDIT_DRAWINGS_RATIO_MEAN,54,1
CC_CREDIT_DRAWINGS_RATIO_VAR,79,1
CC_LATEST_SK_ID_PREV_COUNT,0,1
CC_LATEST_AMT_BALANCE_MIN,106,1
CC_LATEST_AMT_BALANCE_MAX,109,1
CC_LATEST_AMT_BALANCE_MEAN,76,1
CC_LATEST_AMT_BALANCE_SUM,70,1
CC_LATEST_AMT_CREDIT_LIMIT_ACTUAL_MIN,20,1
CC_LATEST_AMT_CREDIT_LIMIT_ACTUAL_MAX,12,1
CC_LATEST_AMT_CREDIT_LIMIT_ACTUAL_MEAN,17,1
CC_LATEST_AMT_CREDIT_LIMIT_ACTUAL_SUM,10,1
CC_LATEST_AMT_DRAWINGS_CURRENT_MIN,62,1
CC_LATEST_AMT_DRAWINGS_CURRENT_MAX,10,1
CC_LATEST_AMT_DRAWINGS_CURRENT_MEAN,15,1
CC_LATEST_AMT_DRAWINGS_CURRENT_SUM,0,1
CC_LATEST_AMT_PAYMENT_CURRENT_MIN,25,1
CC_LATEST_AMT_PAYMENT_CURRENT_MAX,28,1
CC_LATEST_AMT_PAYMENT_CURRENT_MEAN,46,1
CC_LATEST_AMT_PAYMENT_CURRENT_SUM,0,1
CC_LATEST_SK_DPD_MAX,0,1
CC_LATEST_SK_DPD_MEAN,0,1
CC_LATEST_SK_DPD_DEF_MAX,0,1
CC_LATEST_SK_DPD_DEF_MEAN,0,1
CNT_CHILDREN,32,2
AMT_INCOME_TOTAL,229,2
AMT_CREDIT,418,2
AMT_ANNUITY,623,2
AMT_GOODS_PRICE,376,2
REGION_POPULATION_RELATIVE,386,2
DAYS_BIRTH,861,2
DAYS_EMPLOYED,452,2
DAYS_REGISTRATION,446,2
DAYS_ID_PUBLISH,479,2
OWN_CAR_AGE,169,2
FLAG_MOBIL,0,2
FLAG_EMP_PHONE,2,2
FLAG_WORK_PHONE,83,2
FLAG_CONT_MOBILE,0,2
FLAG_PHONE,43,2
FLAG_EMAIL,3,2
CNT_FAM_MEMBERS,36,2
REGION_RATING_CLIENT,14,2
REGION_RATING_CLIENT_W_CITY,134,2
HOUR_APPR_PROCESS_START,164,2
REG_REGION_NOT_LIVE_REGION,9,2
REG_REGION_NOT_WORK_REGION,0,2
LIVE_REGION_NOT_WORK_REGION,1,2
REG_CITY_NOT_LIVE_CITY,71,2
REG_CITY_NOT_WORK_CITY,2,2
LIVE_CITY_NOT_WORK_CITY,18,2
EXT_SOURCE_1,968,2
EXT_SOURCE_2,877,2
EXT_SOURCE_3,987,2
APARTMENTS_AVG,61,2
BASEMENTAREA_AVG,68,2
YEARS_BEGINEXPLUATATION_AVG,62,2
YEARS_BUILD_AVG,24,2
COMMONAREA_AVG,39,2
ELEVATORS_AVG,13,2
ENTRANCES_AVG,26,2
FLOORSMAX_AVG,25,2
FLOORSMIN_AVG,7,2
LANDAREA_AVG,45,2
LIVINGAPARTMENTS_AVG,43,2
LIVINGAREA_AVG,30,2
NONLIVINGAPARTMENTS_AVG,23,2
NONLIVINGAREA_AVG,40,2
APARTMENTS_MODE,60,2
BASEMENTAREA_MODE,50,2
YEARS_BEGINEXPLUATATION_MODE,45,2
YEARS_BUILD_MODE,18,2
COMMONAREA_MODE,45,2
ELEVATORS_MODE,2,2
ENTRANCES_MODE,25,2
FLOORSMAX_MODE,9,2
FLOORSMIN_MODE,15,2
LANDAREA_MODE,55,2
LIVINGAPARTMENTS_MODE,42,2
LIVINGAREA_MODE,79,2
NONLIVINGAPARTMENTS_MODE,5,2
NONLIVINGAREA_MODE,58,2
APARTMENTS_MEDI,53,2
BASEMENTAREA_MEDI,28,2
YEARS_BEGINEXPLUATATION_MEDI,68,2
YEARS_BUILD_MEDI,31,2
COMMONAREA_MEDI,30,2
ELEVATORS_MEDI,9,2
ENTRANCES_MEDI,34,2
FLOORSMAX_MEDI,11,2
FLOORSMIN_MEDI,9,2
LANDAREA_MEDI,54,2
LIVINGAPARTMENTS_MEDI,23,2
LIVINGAREA_MEDI,26,2
NONLIVINGAPARTMENTS_MEDI,14,2
NONLIVINGAREA_MEDI,28,2
TOTALAREA_MODE,86,2
OBS_30_CNT_SOCIAL_CIRCLE,54,2
DEF_30_CNT_SOCIAL_CIRCLE,88,2
OBS_60_CNT_SOCIAL_CIRCLE,91,2
DEF_60_CNT_SOCIAL_CIRCLE,59,2
DAYS_LAST_PHONE_CHANGE,427,2
FLAG_DOCUMENT_2,0,2
FLAG_DOCUMENT_3,98,2
FLAG_DOCUMENT_4,0,2
FLAG_DOCUMENT_5,0,2
FLAG_DOCUMENT_6,1,2
FLAG_DOCUMENT_7,0,2
FLAG_DOCUMENT_8,4,2
FLAG_DOCUMENT_9,0,2
FLAG_DOCUMENT_10,0,2
FLAG_DOCUMENT_11,13,2
FLAG_DOCUMENT_12,0,2
FLAG_DOCUMENT_13,0,2
FLAG_DOCUMENT_14,0,2
FLAG_DOCUMENT_15,0,2
FLAG_DOCUMENT_16,31,2
FLAG_DOCUMENT_17,0,2
FLAG_DOCUMENT_18,42,2
FLAG_DOCUMENT_19,0,2
FLAG_DOCUMENT_20,0,2
FLAG_DOCUMENT_21,0,2
AMT_REQ_CREDIT_BUREAU_HOUR,0,2
AMT_REQ_CREDIT_BUREAU_DAY,5,2
AMT_REQ_CREDIT_BUREAU_WEEK,27,2
AMT_REQ_CREDIT_BUREAU_MON,39,2
AMT_REQ_CREDIT_BUREAU_QRT,70,2
AMT_REQ_CREDIT_BUREAU_YEAR,79,2
CREDIT_INCOME_RATIO,293,2
ANNUITY_INCOME_RATIO,452,2
CREDIT_TERM,1308,2
DAYS_EMPLOYED_RATIO,273,2
WORKING_INCOME_FLAG,42,2
OWN_CAR_AGE_FLAG,30,2
NAME_CONTRACT_TYPE_Revolving_loans,62,2
NAME_CONTRACT_TYPE_nan,0,2
CODE_GENDER_M,197,2
CODE_GENDER_XNA,0,2
CODE_GENDER_nan,0,2
FLAG_OWN_CAR_Y,94,2
FLAG_OWN_CAR_nan,0,2
FLAG_OWN_REALTY_Y,25,2
FLAG_OWN_REALTY_nan,0,2
NAME_TYPE_SUITE_Family,1,2
NAME_TYPE_SUITE_Group_of_people,0,2
NAME_TYPE_SUITE_Other_A,0,2
NAME_TYPE_SUITE_Other_B,5,2
NAME_TYPE_SUITE_Spouse__partner,10,2
NAME_TYPE_SUITE_Unaccompanied,10,2
NAME_TYPE_SUITE_nan,6,2
NAME_INCOME_TYPE_Commercial_associate,16,2
NAME_INCOME_TYPE_Maternity_leave,0,2
NAME_INCOME_TYPE_Pensioner,1,2
NAME_INCOME_TYPE_State_servant,30,2
NAME_INCOME_TYPE_Student,0,2
NAME_INCOME_TYPE_Unemployed,0,2
NAME_INCOME_TYPE_Working,4,2
NAME_INCOME_TYPE_nan,0,2
NAME_EDUCATION_TYPE_Higher_education,79,2
NAME_EDUCATION_TYPE_Incomplete_higher,15,2
NAME_EDUCATION_TYPE_Lower_secondary,12,2
NAME_EDUCATION_TYPE_Secondary___secondary_special,50,2
NAME_EDUCATION_TYPE_nan,0,2
NAME_FAMILY_STATUS_Married,135,2
NAME_FAMILY_STATUS_Separated,2,2
NAME_FAMILY_STATUS_Single___not_married,34,2
NAME_FAMILY_STATUS_Unknown,0,2
NAME_FAMILY_STATUS_Widow,3,2
NAME_FAMILY_STATUS_nan,0,2
NAME_HOUSING_TYPE_House___apartment,31,2
NAME_HOUSING_TYPE_Municipal_apartment,1,2
NAME_HOUSING_TYPE_Office_apartment,34,2
NAME_HOUSING_TYPE_Rented_apartment,15,2
NAME_HOUSING_TYPE_With_parents,4,2
NAME_HOUSING_TYPE_nan,0,2
OCCUPATION_TYPE_Cleaning_staff,2,2
OCCUPATION_TYPE_Cooking_staff,0,2
OCCUPATION_TYPE_Core_staff,31,2
OCCUPATION_TYPE_Drivers,59,2
OCCUPATION_TYPE_HR_staff,0,2
OCCUPATION_TYPE_High_skill_tech_staff,28,2
OCCUPATION_TYPE_IT_staff,0,2
OCCUPATION_TYPE_Laborers,45,2
OCCUPATION_TYPE_Low_skill_Laborers,10,2
OCCUPATION_TYPE_Managers,0,2
OCCUPATION_TYPE_Medicine_staff,17,2
OCCUPATION_TYPE_Private_service_staff,1,2
OCCUPATION_TYPE_Realty_agents,0,2
OCCUPATION_TYPE_Sales_staff,11,2
OCCUPATION_TYPE_Secretaries,0,2
OCCUPATION_TYPE_Security_staff,0,2
OCCUPATION_TYPE_Waiters_barmen_staff,15,2
OCCUPATION_TYPE_nan,15,2
WEEKDAY_APPR_PROCESS_START_MONDAY,25,2
WEEKDAY_APPR_PROCESS_START_SATURDAY,11,2
WEEKDAY_APPR_PROCESS_START_SUNDAY,30,2
WEEKDAY_APPR_PROCESS_START_THURSDAY,3,2
WEEKDAY_APPR_PROCESS_START_TUESDAY,11,2
WEEKDAY_APPR_PROCESS_START_WEDNESDAY,42,2
WEEKDAY_APPR_PROCESS_START_nan,0,2
ORGANIZATION_TYPE_Agriculture,0,2
ORGANIZATION_TYPE_Bank,31,2
ORGANIZATION_TYPE_Business_Entity_Type_1,8,2
ORGANIZATION_TYPE_Business_Entity_Type_2,1,2
ORGANIZATION_TYPE_Business_Entity_Type_3,42,2
ORGANIZATION_TYPE_Cleaning,0,2
ORGANIZATION_TYPE_Construction,46,2
ORGANIZATION_TYPE_Culture,0,2
ORGANIZATION_TYPE_Electricity,0,2
ORGANIZATION_TYPE_Emergency,0,2
ORGANIZATION_TYPE_Government,5,2
ORGANIZATION_TYPE_Hotel,0,2
ORGANIZATION_TYPE_Housing,0,2
ORGANIZATION_TYPE_Industry__type_1,0,2
ORGANIZATION_TYPE_Industry__type_10,0,2
ORGANIZATION_TYPE_Industry__type_11,0,2
ORGANIZATION_TYPE_Industry__type_12,0,2
ORGANIZATION_TYPE_Industry__type_13,0,2
ORGANIZATION_TYPE_Industry__type_2,0,2
ORGANIZATION_TYPE_Industry__type_3,4,2
ORGANIZATION_TYPE_Industry__type_4,0,2
ORGANIZATION_TYPE_Industry__type_5,0,2
ORGANIZATION_TYPE_Industry__type_6,0,2
ORGANIZATION_TYPE_Industry__type_7,0,2
ORGANIZATION_TYPE_Industry__type_8,0,2
ORGANIZATION_TYPE_Industry__type_9,54,2
ORGANIZATION_TYPE_Insurance,0,2
ORGANIZATION_TYPE_Kindergarten,32,2
ORGANIZATION_TYPE_Legal_Services,0,2
ORGANIZATION_TYPE_Medicine,22,2
ORGANIZATION_TYPE_Military,28,2
ORGANIZATION_TYPE_Mobile,0,2
ORGANIZATION_TYPE_Other,1,2
ORGANIZATION_TYPE_Police,30,2
ORGANIZATION_TYPE_Postal,0,2
ORGANIZATION_TYPE_Realtor,0,2
ORGANIZATION_TYPE_Religion,0,2
ORGANIZATION_TYPE_Restaurant,3,2
ORGANIZATION_TYPE_School,49,2
ORGANIZATION_TYPE_Security,0,2
ORGANIZATION_TYPE_Security_Ministries,18,2
ORGANIZATION_TYPE_Self_employed,64,2
ORGANIZATION_TYPE_Services,0,2
ORGANIZATION_TYPE_Telecom,0,2
ORGANIZATION_TYPE_Trade__type_1,0,2
ORGANIZATION_TYPE_Trade__type_2,5,2
ORGANIZATION_TYPE_Trade__type_3,12,2
ORGANIZATION_TYPE_Trade__type_4,0,2
ORGANIZATION_TYPE_Trade__type_5,0,2
ORGANIZATION_TYPE_Trade__type_6,0,2
ORGANIZATION_TYPE_Trade__type_7,1,2
ORGANIZATION_TYPE_Transport__type_1,0,2
ORGANIZATION_TYPE_Transport__type_2,0,2
ORGANIZATION_TYPE_Transport__type_3,40,2
ORGANIZATION_TYPE_Transport__type_4,4,2
ORGANIZATION_TYPE_University,0,2
ORGANIZATION_TYPE_XNA,0,2
ORGANIZATION_TYPE_nan,0,2
FONDKAPREMONT_MODE_org_spec_account,0,2
FONDKAPREMONT_MODE_reg_oper_account,8,2
FONDKAPREMONT_MODE_reg_oper_spec_account,13,2
FONDKAPREMONT_MODE_nan,21,2
HOUSETYPE_MODE_specific_housing,0,2
HOUSETYPE_MODE_terraced_house,0,2
HOUSETYPE_MODE_nan,7,2
WALLSMATERIAL_MODE_Mixed,0,2
WALLSMATERIAL_MODE_Monolithic,0,2
WALLSMATERIAL_MODE_Others,0,2
WALLSMATERIAL_MODE_Panel,28,2
WALLSMATERIAL_MODE_Stone__brick,33,2
WALLSMATERIAL_MODE_Wooden,0,2
WALLSMATERIAL_MODE_nan,6,2
EMERGENCYSTATE_MODE_Yes,0,2
EMERGENCYSTATE_MODE_nan,11,2
ORIG_NAME_INCOME_TYPE_Commercial_associate,1,2
ORIG_NAME_INCOME_TYPE_Maternity_leave,0,2
ORIG_NAME_INCOME_TYPE_Pensioner,0,2
ORIG_NAME_INCOME_TYPE_State_servant,0,2
ORIG_NAME_INCOME_TYPE_Student,0,2
ORIG_NAME_INCOME_TYPE_Unemployed,0,2
ORIG_NAME_INCOME_TYPE_Working,0,2
ORIG_NAME_INCOME_TYPE_nan,0,2
BUREAU_DAYS_CREDIT_MIN,86,2
BUREAU_DAYS_CREDIT_MAX,482,2
BUREAU_DAYS_CREDIT_MEAN,260,2
BUREAU_DAYS_CREDIT_STD,162,2
BUREAU_DAYS_CREDIT_COUNT,178,2
BUREAU_DAYS_CREDIT_ENDDATE_MIN,165,2
BUREAU_DAYS_CREDIT_ENDDATE_MAX,496,2
BUREAU_DAYS_CREDIT_ENDDATE_MEAN,203,2
BUREAU_DAYS_CREDIT_UPDATE_MIN,161,2
BUREAU_DAYS_CREDIT_UPDATE_MEAN,215,2
BUREAU_CREDIT_DAY_OVERDUE_MAX,4,2
BUREAU_CREDIT_DAY_OVERDUE_MEAN,4,2
BUREAU_CREDIT_DAY_OVERDUE_SUM,0,2
BUREAU_AMT_CREDIT_MAX_OVERDUE_MAX,196,2
BUREAU_AMT_CREDIT_MAX_OVERDUE_MEAN,135,2
BUREAU_AMT_CREDIT_SUM_MAX,318,2
BUREAU_AMT_CREDIT_SUM_MEAN,245,2
BUREAU_AMT_CREDIT_SUM_SUM,236,2
BUREAU_AMT_CREDIT_SUM_DEBT_MAX,137,2
BUREAU_AMT_CREDIT_SUM_DEBT_MEAN,313,2
BUREAU_AMT_CREDIT_SUM_DEBT_SUM,277,2
BUREAU_AMT_CREDIT_SUM_OVERDUE_MAX,44,2
BUREAU_AMT_CREDIT_SUM_OVERDUE_MEAN,38,2
BUREAU_AMT_CREDIT_SUM_OVERDUE_SUM,2,2
BUREAU_AMT_CREDIT_SUM_LIMIT_MAX,75,2
BUREAU_AMT_CREDIT_SUM_LIMIT_MEAN,85,2
BUREAU_AMT_CREDIT_SUM_LIMIT_SUM,66,2
BUREAU_AMT_ANNUITY_MAX,53,2
BUREAU_AMT_ANNUITY_MEAN,57,2
BUREAU_AMT_ANNUITY_SUM,55,2
BUREAU_CNT_CREDIT_PROLONG_MAX,1,2
BUREAU_CNT_CREDIT_PROLONG_MEAN,8,2
BUREAU_CNT_CREDIT_PROLONG_SUM,1,2
BUREAU_BB_MONTHS_BALANCE_MIN_MIN,11,2
BUREAU_BB_MONTHS_BALANCE_MIN_MAX,37,2
BUREAU_BB_MONTHS_BALANCE_MIN_MEAN,39,2
BUREAU_BB_MONTHS_BALANCE_MAX_MIN,22,2
BUREAU_BB_MONTHS_BALANCE_MAX_MAX,4,2
BUREAU_BB_MONTHS_BALANCE_MAX_MEAN,53,2
BUREAU_BB_MONTHS_BALANCE_SIZE_MIN,41,2
BUREAU_BB_MONTHS_BALANCE_SIZE_MAX,83,2
BUREAU_BB_MONTHS_BALANCE_SIZE_MEAN,67,2
BUREAU_BB_MONTHS_BALANCE_SIZE_SUM,86,2
BUREAU_BB_MONTHS_BALANCE_MEAN_MIN,31,2
BUREAU_BB_MONTHS_BALANCE_MEAN_MAX,32,2
BUREAU_BB_MONTHS_BALANCE_MEAN_MEAN,58,2
BUREAU_BB_STATUS_NUNIQUE_MIN,0,2
BUREAU_BB_STATUS_NUNIQUE_MAX,0,2
BUREAU_BB_STATUS_NUNIQUE_MEAN,0,2
CLOSED_DAYS_CREDIT_MIN,80,2
CLOSED_DAYS_CREDIT_MAX,314,2
CLOSED_DAYS_CREDIT_MEAN,117,2
CLOSED_DAYS_CREDIT_COUNT,83,2
CLOSED_AMT_CREDIT_SUM_MAX,121,2
CLOSED_AMT_CREDIT_SUM_MEAN,167,2
CLOSED_AMT_CREDIT_SUM_SUM,217,2
CLOSED_AMT_CREDIT_SUM_DEBT_MAX,23,2
CLOSED_AMT_CREDIT_SUM_DEBT_MEAN,53,2
CLOSED_AMT_CREDIT_SUM_DEBT_SUM,21,2
PREV_SK_ID_PREV_NUNIQUE,43,2
PREV_SK_ID_PREV_COUNT,2,2
PREV_AMT_ANNUITY_MIN,214,2
PREV_AMT_ANNUITY_MAX,183,2
PREV_AMT_ANNUITY_MEAN,262,2
PREV_AMT_ANNUITY_SUM,126,2
PREV_AMT_APPLICATION_MIN,47,2
PREV_AMT_APPLICATION_MAX,66,2
PREV_AMT_APPLICATION_MEAN,130,2
PREV_AMT_APPLICATION_SUM,87,2
PREV_AMT_CREDIT_MIN,80,2
PREV_AMT_CREDIT_MAX,57,2
PREV_AMT_CREDIT_MEAN,149,2
PREV_AMT_CREDIT_SUM,82,2
PREV_APP_CREDIT_RATIO_MIN,54,2
PREV_APP_CREDIT_RATIO_MAX,196,2
PREV_APP_CREDIT_RATIO_MEAN,191,2
PREV_APP_CREDIT_RATIO_VAR,176,2
PREV_AMT_DOWN_PAYMENT_MIN,87,2
PREV_AMT_DOWN_PAYMENT_MAX,175,2
PREV_AMT_DOWN_PAYMENT_MEAN,179,2
PREV_AMT_DOWN_PAYMENT_SUM,201,2
PREV_AMT_GOODS_PRICE_MIN,250,2
PREV_AMT_GOODS_PRICE_MAX,6,2
PREV_AMT_GOODS_PRICE_MEAN,120,2
PREV_AMT_GOODS_PRICE_SUM,12,2
PREV_CREDIT_TO_GOODS_RATIO_MIN,102,2
PREV_CREDIT_TO_GOODS_RATIO_MAX,429,2
PREV_CREDIT_TO_GOODS_RATIO_MEAN,287,2
PREV_CREDIT_TO_GOODS_RATIO_VAR,139,2
PREV_HOUR_APPR_PROCESS_START_MIN,79,2
PREV_HOUR_APPR_PROCESS_START_MAX,101,2
PREV_HOUR_APPR_PROCESS_START_MEAN,240,2
PREV_DAYS_DECISION_MIN,169,2
PREV_DAYS_DECISION_MAX,232,2
PREV_DAYS_DECISION_MEAN,163,2
PREV_CNT_PAYMENT_MIN,74,2
PREV_CNT_PAYMENT_MAX,39,2
PREV_CNT_PAYMENT_MEAN,268,2
PREV_CNT_PAYMENT_SUM,115,2
REFUSED_SK_ID_PREV_NUNIQUE,208,2
REFUSED_SK_ID_PREV_COUNT,6,2
REFUSED_AMT_CREDIT_MIN,65,2
REFUSED_AMT_CREDIT_MAX,58,2
REFUSED_AMT_CREDIT_MEAN,35,2
REFUSED_AMT_CREDIT_SUM,78,2
REFUSED_AMT_APPLICATION_MIN,55,2
REFUSED_AMT_APPLICATION_MAX,61,2
REFUSED_AMT_APPLICATION_MEAN,49,2
REFUSED_AMT_APPLICATION_SUM,82,2
POS_SK_ID_PREV_NUNIQUE,56,2
POS_SK_ID_PREV_COUNT,210,2
POS_MONTHS_BALANCE_MIN,140,2
POS_MONTHS_BALANCE_MAX,213,2
POS_MONTHS_BALANCE_MEAN,175,2
POS_MONTHS_BALANCE_SIZE,15,2
POS_CNT_INSTALMENT_MIN,103,2
POS_CNT_INSTALMENT_MAX,37,2
POS_CNT_INSTALMENT_MEAN,100,2
POS_CNT_INSTALMENT_SUM,151,2
POS_CNT_INSTALMENT_FUTURE_MIN,6,2
POS_CNT_INSTALMENT_FUTURE_MAX,48,2
POS_CNT_INSTALMENT_FUTURE_MEAN,345,2
POS_CNT_INSTALMENT_FUTURE_SUM,97,2
POS_SK_DPD_MAX,26,2
POS_SK_DPD_MEAN,61,2
POS_SK_DPD_SUM,63,2
POS_SK_DPD_DEF_MAX,43,2
POS_SK_DPD_DEF_MEAN,108,2
POS_SK_DPD_DEF_SUM,23,2
POS_LATEST_SK_ID_PREV_COUNT,3,2
POS_LATEST_CNT_INSTALMENT_MIN,22,2
POS_LATEST_CNT_INSTALMENT_MAX,65,2
POS_LATEST_CNT_INSTALMENT_MEAN,161,2
POS_LATEST_CNT_INSTALMENT_SUM,125,2
POS_LATEST_CNT_INSTALMENT_FUTURE_MIN,0,2
POS_LATEST_CNT_INSTALMENT_FUTURE_MAX,177,2
POS_LATEST_CNT_INSTALMENT_FUTURE_MEAN,268,2
POS_LATEST_CNT_INSTALMENT_FUTURE_SUM,183,2
POS_LATEST_SK_DPD_MAX,26,2
POS_LATEST_SK_DPD_MEAN,22,2
POS_LATEST_SK_DPD_DEF_MAX,3,2
POS_LATEST_SK_DPD_DEF_MEAN,21,2
INST_SK_ID_PREV_NUNIQUE,18,2
INST_SK_ID_PREV_COUNT,157,2
INST_NUM_INSTALMENT_VERSION_NUNIQUE,51,2
INST_NUM_INSTALMENT_VERSION_MAX,62,2
INST_DAYS_INSTALMENT_MIN,166,2
INST_DAYS_INSTALMENT_MAX,209,2
INST_DAYS_INSTALMENT_MEAN,94,2
INST_DAYS_ENTRY_PAYMENT_MIN,130,2
INST_DAYS_ENTRY_PAYMENT_MAX,346,2
INST_DAYS_ENTRY_PAYMENT_MEAN,149,2
INST_AMT_INSTALMENT_MIN,260,2
INST_AMT_INSTALMENT_MAX,220,2
INST_AMT_INSTALMENT_MEAN,186,2
INST_AMT_INSTALMENT_SUM,157,2
INST_AMT_PAYMENT_MIN,247,2
INST_AMT_PAYMENT_MAX,133,2
INST_AMT_PAYMENT_MEAN,243,2
INST_AMT_PAYMENT_SUM,346,2
INST_PAYMENT_RATIO_MIN,144,2
INST_PAYMENT_RATIO_MAX,21,2
INST_PAYMENT_RATIO_MEAN,170,2
INST_PAYMENT_RATIO_VAR,124,2
INST_PAYMENT_DIFF_MIN,22,2
INST_PAYMENT_DIFF_MAX,116,2
INST_PAYMENT_DIFF_MEAN,196,2
INST_PAYMENT_DIFF_SUM,111,2
INST_DAYS_LATE_MAX,100,2
INST_DAYS_LATE_MEAN,323,2
INST_DAYS_LATE_SUM,95,2
INST_DAYS_EARLY_MAX,189,2
INST_DAYS_EARLY_MEAN,247,2
INST_DAYS_EARLY_SUM,327,2
LATE_SK_ID_PREV_NUNIQUE,77,2
LATE_SK_ID_PREV_COUNT,33,2
LATE_DAYS_LATE_MAX,3,2
LATE_DAYS_LATE_MEAN,171,2
LATE_DAYS_LATE_SUM,6,2
LATE_AMT_PAYMENT_MIN,201,2
LATE_AMT_PAYMENT_MAX,223,2
LATE_AMT_PAYMENT_MEAN,187,2
LATE_AMT_PAYMENT_SUM,148,2
CC_SK_ID_PREV_NUNIQUE,0,2
CC_SK_ID_PREV_COUNT,15,2
CC_MONTHS_BALANCE_MIN,22,2
CC_MONTHS_BALANCE_MAX,25,2
CC_MONTHS_BALANCE_SIZE,2,2
CC_MONTHS_BALANCE_MEAN,28,2
CC_AMT_BALANCE_MIN,26,2
CC_AMT_BALANCE_MAX,16,2
CC_AMT_BALANCE_MEAN,17,2
CC_AMT_BALANCE_SUM,7,2
CC_AMT_BALANCE_VAR,63,2
CC_AMT_CREDIT_LIMIT_ACTUAL_MIN,21,2
CC_AMT_CREDIT_LIMIT_ACTUAL_MAX,34,2
CC_AMT_CREDIT_LIMIT_ACTUAL_MEAN,90,2
CC_AMT_CREDIT_LIMIT_ACTUAL_SUM,45,2
CC_AMT_DRAWINGS_ATM_CURRENT_MIN,0,2
CC_AMT_DRAWINGS_ATM_CURRENT_MAX,77,2
CC_AMT_DRAWINGS_ATM_CURRENT_MEAN,51,2
CC_AMT_DRAWINGS_ATM_CURRENT_SUM,29,2
CC_AMT_DRAWINGS_CURRENT_MIN,11,2
CC_AMT_DRAWINGS_CURRENT_MAX,25,2
CC_AMT_DRAWINGS_CURRENT_MEAN,20,2
CC_AMT_DRAWINGS_CURRENT_SUM,22,2
CC_AMT_DRAWINGS_OTHER_CURRENT_MIN,0,2
CC_AMT_DRAWINGS_OTHER_CURRENT_MAX,27,2
CC_AMT_DRAWINGS_OTHER_CURRENT_MEAN,2,2
CC_AMT_DRAWINGS_OTHER_CURRENT_SUM,6,2
CC_AMT_DRAWINGS_POS_CURRENT_MIN,20,2
CC_AMT_DRAWINGS_POS_CURRENT_MAX,43,2
CC_AMT_DRAWINGS_POS_CURRENT_MEAN,36,2
CC_AMT_DRAWINGS_POS_CURRENT_SUM,64,2
CC_AMT_INST_MIN_REGULARITY_MIN,4,2
CC_AMT_INST_MIN_REGULARITY_MAX,18,2
CC_AMT_INST_MIN_REGULARITY_MEAN,18,2
CC_AMT_INST_MIN_REGULARITY_SUM,27,2
CC_AMT_PAYMENT_CURRENT_MIN,49,2
CC_AMT_PAYMENT_CURRENT_MAX,37,2
CC_AMT_PAYMENT_CURRENT_MEAN,62,2
CC_AMT_PAYMENT_CURRENT_SUM,52,2
CC_AMT_PAYMENT_TOTAL_CURRENT_MIN,6,2
CC_AMT_PAYMENT_TOTAL_CURRENT_MAX,30,2
CC_AMT_PAYMENT_TOTAL_CURRENT_MEAN,48,2
CC_AMT_PAYMENT_TOTAL_CURRENT_SUM,35,2
CC_AMT_RECEIVABLE_PRINCIPAL_MIN,25,2
CC_AMT_RECEIVABLE_PRINCIPAL_MAX,16,2
CC_AMT_RECEIVABLE_PRINCIPAL_MEAN,31,2
CC_AMT_RECEIVABLE_PRINCIPAL_SUM,17,2
CC_AMT_RECIVABLE_MIN,9,2
CC_AMT_RECIVABLE_MAX,14,2
CC_AMT_RECIVABLE_MEAN,15,2
CC_AMT_RECIVABLE_SUM,12,2
CC_AMT_TOTAL_RECEIVABLE_MIN,2,2
CC_AMT_TOTAL_RECEIVABLE_MAX,1,2
CC_AMT_TOTAL_RECEIVABLE_MEAN,3,2
CC_AMT_TOTAL_RECEIVABLE_SUM,5,2
CC_CNT_DRAWINGS_ATM_CURRENT_MIN,0,2
CC_CNT_DRAWINGS_ATM_CURRENT_MAX,24,2
CC_CNT_DRAWINGS_ATM_CURRENT_MEAN,171,2
CC_CNT_DRAWINGS_ATM_CURRENT_SUM,49,2
CC_CNT_DRAWINGS_CURRENT_MIN,0,2
CC_CNT_DRAWINGS_CURRENT_MAX,96,2
CC_CNT_DRAWINGS_CURRENT_MEAN,67,2
CC_CNT_DRAWINGS_CURRENT_SUM,26,2
CC_CNT_DRAWINGS_OTHER_CURRENT_MIN,0,2
CC_CNT_DRAWINGS_OTHER_CURRENT_MAX,0,2
CC_CNT_DRAWINGS_OTHER_CURRENT_MEAN,1,2
CC_CNT_DRAWINGS_OTHER_CURRENT_SUM,0,2
CC_CNT_DRAWINGS_POS_CURRENT_MIN,7,2
CC_CNT_DRAWINGS_POS_CURRENT_MAX,42,2
CC_CNT_DRAWINGS_POS_CURRENT_MEAN,41,2
CC_CNT_DRAWINGS_POS_CURRENT_SUM,23,2
CC_CNT_INSTALMENT_MATURE_CUM_MIN,1,2
CC_CNT_INSTALMENT_MATURE_CUM_MAX,27,2
CC_CNT_INSTALMENT_MATURE_CUM_MEAN,37,2
CC_CNT_INSTALMENT_MATURE_CUM_SUM,30,2
CC_SK_DPD_MAX,1,2
CC_SK_DPD_MEAN,7,2
CC_SK_DPD_SUM,35,2
CC_SK_DPD_DEF_MAX,0,2
CC_SK_DPD_DEF_MEAN,41,2
CC_SK_DPD_DEF_SUM,0,2
CC_CREDIT_PAYMENT_RATIO_MIN,0,2
CC_CREDIT_PAYMENT_RATIO_MAX,26,2
CC_CREDIT_PAYMENT_RATIO_MEAN,71,2
CC_CREDIT_PAYMENT_RATIO_VAR,35,2
CC_CREDIT_DRAWINGS_RATIO_MIN,0,2
CC_CREDIT_DRAWINGS_RATIO_MAX,88,2
CC_CREDIT_DRAWINGS_RATIO_MEAN,55,2
CC_CREDIT_DRAWINGS_RATIO_VAR,73,2
CC_LATEST_SK_ID_PREV_COUNT,0,2
CC_LATEST_AMT_BALANCE_MIN,95,2
CC_LATEST_AMT_BALANCE_MAX,99,2
CC_LATEST_AMT_BALANCE_MEAN,39,2
CC_LATEST_AMT_BALANCE_SUM,62,2
CC_LATEST_AMT_CREDIT_LIMIT_ACTUAL_MIN,26,2
CC_LATEST_AMT_CREDIT_LIMIT_ACTUAL_MAX,19,2
CC_LATEST_AMT_CREDIT_LIMIT_ACTUAL_MEAN,19,2
CC_LATEST_AMT_CREDIT_LIMIT_ACTUAL_SUM,10,2
CC_LATEST_AMT_DRAWINGS_CURRENT_MIN,37,2
CC_LATEST_AMT_DRAWINGS_CURRENT_MAX,32,2
CC_LATEST_AMT_DRAWINGS_CURRENT_MEAN,24,2
CC_LATEST_AMT_DRAWINGS_CURRENT_SUM,2,2
CC_LATEST_AMT_PAYMENT_CURRENT_MIN,20,2
CC_LATEST_AMT_PAYMENT_CURRENT_MAX,5,2
CC_LATEST_AMT_PAYMENT_CURRENT_MEAN,10,2
CC_LATEST_AMT_PAYMENT_CURRENT_SUM,0,2
CC_LATEST_SK_DPD_MAX,0,2
CC_LATEST_SK_DPD_MEAN,0,2
CC_LATEST_SK_DPD_DEF_MAX,0,2
CC_LATEST_SK_DPD_DEF_MEAN,0,2
CNT_CHILDREN,41,3
AMT_INCOME_TOTAL,392,3
AMT_CREDIT,486,3
AMT_ANNUITY,884,3
AMT_GOODS_PRICE,536,3
REGION_POPULATION_RELATIVE,484,3
DAYS_BIRTH,1159,3
DAYS_EMPLOYED,668,3
DAYS_REGISTRATION,657,3
DAYS_ID_PUBLISH,803,3
OWN_CAR_AGE,193,3
FLAG_MOBIL,0,3
FLAG_EMP_PHONE,0,3
FLAG_WORK_PHONE,119,3
FLAG_CONT_MOBILE,0,3
FLAG_PHONE,70,3
FLAG_EMAIL,11,3
CNT_FAM_MEMBERS,41,3
REGION_RATING_CLIENT,35,3
REGION_RATING_CLIENT_W_CITY,122,3
HOUR_APPR_PROCESS_START,307,3
REG_REGION_NOT_LIVE_REGION,23,3
REG_REGION_NOT_WORK_REGION,1,3
LIVE_REGION_NOT_WORK_REGION,8,3
REG_CITY_NOT_LIVE_CITY,83,3
REG_CITY_NOT_WORK_CITY,16,3
LIVE_CITY_NOT_WORK_CITY,51,3
EXT_SOURCE_1,1126,3
EXT_SOURCE_2,1277,3
EXT_SOURCE_3,1143,3
APARTMENTS_AVG,95,3
BASEMENTAREA_AVG,83,3
YEARS_BEGINEXPLUATATION_AVG,81,3
YEARS_BUILD_AVG,36,3
COMMONAREA_AVG,69,3
ELEVATORS_AVG,25,3
ENTRANCES_AVG,68,3
FLOORSMAX_AVG,69,3
FLOORSMIN_AVG,47,3
LANDAREA_AVG,103,3
LIVINGAPARTMENTS_AVG,55,3
LIVINGAREA_AVG,65,3
NONLIVINGAPARTMENTS_AVG,21,3
NONLIVINGAREA_AVG,128,3
APARTMENTS_MODE,96,3
BASEMENTAREA_MODE,109,3
YEARS_BEGINEXPLUATATION_MODE,125,3
YEARS_BUILD_MODE,53,3
COMMONAREA_MODE,75,3
ELEVATORS_MODE,9,3
ENTRANCES_MODE,16,3
FLOORSMAX_MODE,10,3
FLOORSMIN_MODE,23,3
LANDAREA_MODE,108,3
LIVINGAPARTMENTS_MODE,60,3
LIVINGAREA_MODE,77,3
NONLIVINGAPARTMENTS_MODE,17,3
NONLIVINGAREA_MODE,125,3
APARTMENTS_MEDI,81,3
BASEMENTAREA_MEDI,63,3
YEARS_BEGINEXPLUATATION_MEDI,103,3
YEARS_BUILD_MEDI,27,3
COMMONAREA_MEDI,91,3
ELEVATORS_MEDI,6,3
ENTRANCES_MEDI,43,3
FLOORSMAX_MEDI,15,3
FLOORSMIN_MEDI,23,3
LANDAREA_MEDI,71,3
LIVINGAPARTMENTS_MEDI,30,3
LIVINGAREA_MEDI,56,3
NONLIVINGAPARTMENTS_MEDI,9,3
NONLIVINGAREA_MEDI,69,3
TOTALAREA_MODE,129,3
OBS_30_CNT_SOCIAL_CIRCLE,101,3
DEF_30_CNT_SOCIAL_CIRCLE,125,3
OBS_60_CNT_SOCIAL_CIRCLE,147,3
DEF_60_CNT_SOCIAL_CIRCLE,67,3
DAYS_LAST_PHONE_CHANGE,712,3
FLAG_DOCUMENT_2,0,3
FLAG_DOCUMENT_3,80,3
FLAG_DOCUMENT_4,0,3
FLAG_DOCUMENT_5,0,3
FLAG_DOCUMENT_6,11,3
FLAG_DOCUMENT_7,0,3
FLAG_DOCUMENT_8,2,3
FLAG_DOCUMENT_9,0,3
FLAG_DOCUMENT_10,0,3
FLAG_DOCUMENT_11,21,3
FLAG_DOCUMENT_12,0,3
FLAG_DOCUMENT_13,0,3
FLAG_DOCUMENT_14,0,3
FLAG_DOCUMENT_15,0,3
FLAG_DOCUMENT_16,40,3
FLAG_DOCUMENT_17,0,3
FLAG_DOCUMENT_18,49,3
FLAG_DOCUMENT_19,0,3
FLAG_DOCUMENT_20,0,3
FLAG_DOCUMENT_21,0,3
AMT_REQ_CREDIT_BUREAU_HOUR,0,3
AMT_REQ_CREDIT_BUREAU_DAY,13,3
AMT_REQ_CREDIT_BUREAU_WEEK,21,3
AMT_REQ_CREDIT_BUREAU_MON,46,3
AMT_REQ_CREDIT_BUREAU_QRT,57,3
AMT_REQ_CREDIT_BUREAU_YEAR,91,3
CREDIT_INCOME_RATIO,444,3
ANNUITY_INCOME_RATIO,668,3
CREDIT_TERM,1748,3
DAYS_EMPLOYED_RATIO,497,3
WORKING_INCOME_FLAG,65,3
OWN_CAR_AGE_FLAG,40,3
NAME_CONTRACT_TYPE_Revolving_loans,80,3
NAME_CONTRACT_TYPE_nan,0,3
CODE_GENDER_M,238,3
CODE_GENDER_XNA,0,3
CODE_GENDER_nan,0,3
FLAG_OWN_CAR_Y,93,3
FLAG_OWN_CAR_nan,0,3
FLAG_OWN_REALTY_Y,30,3
FLAG_OWN_REALTY_nan,0,3
NAME_TYPE_SUITE_Family,6,3
NAME_TYPE_SUITE_Group_of_people,0,3
NAME_TYPE_SUITE_Other_A,0,3
NAME_TYPE_SUITE_Other_B,14,3
NAME_TYPE_SUITE_Spouse__partner,9,3
NAME_TYPE_SUITE_Unaccompanied,15,3
NAME_TYPE_SUITE_nan,14,3
NAME_INCOME_TYPE_Commercial_associate,20,3
NAME_INCOME_TYPE_Maternity_leave,0,3
NAME_INCOME_TYPE_Pensioner,2,3
NAME_INCOME_TYPE_State_servant,33,3
NAME_INCOME_TYPE_Student,0,3
NAME_INCOME_TYPE_Unemployed,0,3
NAME_INCOME_TYPE_Working,7,3
NAME_INCOME_TYPE_nan,0,3
NAME_EDUCATION_TYPE_Higher_education,97,3
NAME_EDUCATION_TYPE_Incomplete_higher,11,3
NAME_EDUCATION_TYPE_Lower_secondary,3,3
NAME_EDUCATION_TYPE_Secondary___secondary_special,60,3
NAME_EDUCATION_TYPE_nan,0,3
NAME_FAMILY_STATUS_Married,153,3
NAME_FAMILY_STATUS_Separated,11,3
NAME_FAMILY_STATUS_Single___not_married,24,3
NAME_FAMILY_STATUS_Unknown,0,3
NAME_FAMILY_STATUS_Widow,24,3
NAME_FAMILY_STATUS_nan,0,3
NAME_HOUSING_TYPE_House___apartment,42,3
NAME_HOUSING_TYPE_Municipal_apartment,3,3
NAME_HOUSING_TYPE_Office_apartment,34,3
NAME_HOUSING_TYPE_Rented_apartment,19,3
NAME_HOUSING_TYPE_With_parents,9,3
NAME_HOUSING_TYPE_nan,0,3
OCCUPATION_TYPE_Cleaning_staff,0,3
OCCUPATION_TYPE_Cooking_staff,6,3
OCCUPATION_TYPE_Core_staff,36,3
OCCUPATION_TYPE_Drivers,45,3
OCCUPATION_TYPE_HR_staff,0,3
OCCUPATION_TYPE_High_skill_tech_staff,27,3
OCCUPATION_TYPE_IT_staff,0,3
OCCUPATION_TYPE_Laborers,41,3
OCCUPATION_TYPE_Low_skill_Laborers,14,3
OCCUPATION_TYPE_Managers,4,3
OCCUPATION_TYPE_Medicine_staff,36,3
OCCUPATION_TYPE_Private_service_staff,11,3
OCCUPATION_TYPE_Realty_agents,0,3
OCCUPATION_TYPE_Sales_staff,6,3
OCCUPATION_TYPE_Secretaries,0,3
OCCUPATION_TYPE_Security_staff,4,3
OCCUPATION_TYPE_Waiters_barmen_staff,1,3
OCCUPATION_TYPE_nan,22,3
WEEKDAY_APPR_PROCESS_START_MONDAY,40,3
WEEKDAY_APPR_PROCESS_START_SATURDAY,38,3
WEEKDAY_APPR_PROCESS_START_SUNDAY,5,3
WEEKDAY_APPR_PROCESS_START_THURSDAY,20,3
WEEKDAY_APPR_PROCESS_START_TUESDAY,24,3
WEEKDAY_APPR_PROCESS_START_WEDNESDAY,45,3
WEEKDAY_APPR_PROCESS_START_nan,0,3
ORGANIZATION_TYPE_Agriculture,0,3
ORGANIZATION_TYPE_Bank,39,3
ORGANIZATION_TYPE_Business_Entity_Type_1,4,3
ORGANIZATION_TYPE_Business_Entity_Type_2,0,3
ORGANIZATION_TYPE_Business_Entity_Type_3,56,3
ORGANIZATION_TYPE_Cleaning,0,3
ORGANIZATION_TYPE_Construction,60,3
ORGANIZATION_TYPE_Culture,0,3
ORGANIZATION_TYPE_Electricity,0,3
ORGANIZATION_TYPE_Emergency,0,3
ORGANIZATION_TYPE_Government,13,3
ORGANIZATION_TYPE_Hotel,0,3
ORGANIZATION_TYPE_Housing,0,3
ORGANIZATION_TYPE_Industry__type_1,0,3
ORGANIZATION_TYPE_Industry__type_10,0,3
ORGANIZATION_TYPE_Industry__type_11,0,3
ORGANIZATION_TYPE_Industry__type_12,0,3
ORGANIZATION_TYPE_Industry__type_13,0,3
ORGANIZATION_TYPE_Industry__type_2,0,3
ORGANIZATION_TYPE_Industry__type_3,0,3
ORGANIZATION_TYPE_Industry__type_4,0,3
ORGANIZATION_TYPE_Industry__type_5,0,3
ORGANIZATION_TYPE_Industry__type_6,0,3
ORGANIZATION_TYPE_Industry__type_7,0,3
ORGANIZATION_TYPE_Industry__type_8,0,3
ORGANIZATION_TYPE_Industry__type_9,37,3
ORGANIZATION_TYPE_Insurance,0,3
ORGANIZATION_TYPE_Kindergarten,27,3
ORGANIZATION_TYPE_Legal_Services,0,3
ORGANIZATION_TYPE_Medicine,15,3
ORGANIZATION_TYPE_Military,52,3
ORGANIZATION_TYPE_Mobile,0,3
ORGANIZATION_TYPE_Other,18,3
ORGANIZATION_TYPE_Police,24,3
ORGANIZATION_TYPE_Postal,0,3
ORGANIZATION_TYPE_Realtor,0,3
ORGANIZATION_TYPE_Religion,0,3
ORGANIZATION_TYPE_Restaurant,10,3
ORGANIZATION_TYPE_School,57,3
ORGANIZATION_TYPE_Security,3,3
ORGANIZATION_TYPE_Security_Ministries,39,3
ORGANIZATION_TYPE_Self_employed,65,3
ORGANIZATION_TYPE_Services,0,3
ORGANIZATION_TYPE_Telecom,0,3
ORGANIZATION_TYPE_Trade__type_1,0,3
ORGANIZATION_TYPE_Trade__type_2,0,3
ORGANIZATION_TYPE_Trade__type_3,2,3
ORGANIZATION_TYPE_Trade__type_4,0,3
ORGANIZATION_TYPE_Trade__type_5,0,3
ORGANIZATION_TYPE_Trade__type_6,0,3
ORGANIZATION_TYPE_Trade__type_7,1,3
ORGANIZATION_TYPE_Transport__type_1,0,3
ORGANIZATION_TYPE_Transport__type_2,0,3
ORGANIZATION_TYPE_Transport__type_3,54,3
ORGANIZATION_TYPE_Transport__type_4,17,3
ORGANIZATION_TYPE_University,0,3
ORGANIZATION_TYPE_XNA,0,3
ORGANIZATION_TYPE_nan,0,3
FONDKAPREMONT_MODE_org_spec_account,10,3
FONDKAPREMONT_MODE_reg_oper_account,10,3
FONDKAPREMONT_MODE_reg_oper_spec_account,3,3
FONDKAPREMONT_MODE_nan,2,3
HOUSETYPE_MODE_specific_housing,0,3
HOUSETYPE_MODE_terraced_house,0,3
HOUSETYPE_MODE_nan,7,3
WALLSMATERIAL_MODE_Mixed,3,3
WALLSMATERIAL_MODE_Monolithic,0,3
WALLSMATERIAL_MODE_Others,0,3
WALLSMATERIAL_MODE_Panel,35,3
WALLSMATERIAL_MODE_Stone__brick,41,3
WALLSMATERIAL_MODE_Wooden,0,3
WALLSMATERIAL_MODE_nan,9,3
EMERGENCYSTATE_MODE_Yes,0,3
EMERGENCYSTATE_MODE_nan,13,3
ORIG_NAME_INCOME_TYPE_Commercial_associate,0,3
ORIG_NAME_INCOME_TYPE_Maternity_leave,0,3
ORIG_NAME_INCOME_TYPE_Pensioner,0,3
ORIG_NAME_INCOME_TYPE_State_servant,0,3
ORIG_NAME_INCOME_TYPE_Student,0,3
ORIG_NAME_INCOME_TYPE_Unemployed,0,3
ORIG_NAME_INCOME_TYPE_Working,0,3
ORIG_NAME_INCOME_TYPE_nan,0,3
BUREAU_DAYS_CREDIT_MIN,217,3
BUREAU_DAYS_CREDIT_MAX,635,3
BUREAU_DAYS_CREDIT_MEAN,408,3
BUREAU_DAYS_CREDIT_STD,288,3
BUREAU_DAYS_CREDIT_COUNT,212,3
BUREAU_DAYS_CREDIT_ENDDATE_MIN,254,3
BUREAU_DAYS_CREDIT_ENDDATE_MAX,680,3
BUREAU_DAYS_CREDIT_ENDDATE_MEAN,405,3
BUREAU_DAYS_CREDIT_UPDATE_MIN,277,3
BUREAU_DAYS_CREDIT_UPDATE_MEAN,334,3
BUREAU_CREDIT_DAY_OVERDUE_MAX,20,3
BUREAU_CREDIT_DAY_OVERDUE_MEAN,29,3
BUREAU_CREDIT_DAY_OVERDUE_SUM,3,3
BUREAU_AMT_CREDIT_MAX_OVERDUE_MAX,277,3
BUREAU_AMT_CREDIT_MAX_OVERDUE_MEAN,238,3
BUREAU_AMT_CREDIT_SUM_MAX,453,3
BUREAU_AMT_CREDIT_SUM_MEAN,374,3
BUREAU_AMT_CREDIT_SUM_SUM,407,3
BUREAU_AMT_CREDIT_SUM_DEBT_MAX,291,3
BUREAU_AMT_CREDIT_SUM_DEBT_MEAN,395,3
BUREAU_AMT_CREDIT_SUM_DEBT_SUM,342,3
BUREAU_AMT_CREDIT_SUM_OVERDUE_MAX,44,3
BUREAU_AMT_CREDIT_SUM_OVERDUE_MEAN,71,3
BUREAU_AMT_CREDIT_SUM_OVERDUE_SUM,4,3
BUREAU_AMT_CREDIT_SUM_LIMIT_MAX,111,3
BUREAU_AMT_CREDIT_SUM_LIMIT_MEAN,128,3
BUREAU_AMT_CREDIT_SUM_LIMIT_SUM,69,3
BUREAU_AMT_ANNUITY_MAX,80,3
BUREAU_AMT_ANNUITY_MEAN,96,3
BUREAU_AMT_ANNUITY_SUM,68,3
BUREAU_CNT_CREDIT_PROLONG_MAX,0,3
BUREAU_CNT_CREDIT_PROLONG_MEAN,12,3
BUREAU_CNT_CREDIT_PROLONG_SUM,0,3
BUREAU_BB_MONTHS_BALANCE_MIN_MIN,52,3
BUREAU_BB_MONTHS_BALANCE_MIN_MAX,53,3
BUREAU_BB_MONTHS_BALANCE_MIN_MEAN,62,3
BUREAU_BB_MONTHS_BALANCE_MAX_MIN,27,3
BUREAU_BB_MONTHS_BALANCE_MAX_MAX,13,3
BUREAU_BB_MONTHS_BALANCE_MAX_MEAN,89,3
BUREAU_BB_MONTHS_BALANCE_SIZE_MIN,69,3
BUREAU_BB_MONTHS_BALANCE_SIZE_MAX,81,3
BUREAU_BB_MONTHS_BALANCE_SIZE_MEAN,96,3
BUREAU_BB_MONTHS_BALANCE_SIZE_SUM,157,3
BUREAU_BB_MONTHS_BALANCE_MEAN_MIN,88,3
BUREAU_BB_MONTHS_BALANCE_MEAN_MAX,40,3
BUREAU_BB_MONTHS_BALANCE_MEAN_MEAN,69,3
BUREAU_BB_STATUS_NUNIQUE_MIN,0,3
BUREAU_BB_STATUS_NUNIQUE_MAX,0,3
BUREAU_BB_STATUS_NUNIQUE_MEAN,0,3
CLOSED_DAYS_CREDIT_MIN,162,3
CLOSED_DAYS_CREDIT_MAX,478,3
CLOSED_DAYS_CREDIT_MEAN,192,3
CLOSED_DAYS_CREDIT_COUNT,68,3
CLOSED_AMT_CREDIT_SUM_MAX,259,3
CLOSED_AMT_CREDIT_SUM_MEAN,279,3
CLOSED_AMT_CREDIT_SUM_SUM,315,3
CLOSED_AMT_CREDIT_SUM_DEBT_MAX,26,3
CLOSED_AMT_CREDIT_SUM_DEBT_MEAN,25,3
CLOSED_AMT_CREDIT_SUM_DEBT_SUM,6,3
PREV_SK_ID_PREV_NUNIQUE,41,3
PREV_SK_ID_PREV_COUNT,7,3
PREV_AMT_ANNUITY_MIN,329,3
PREV_AMT_ANNUITY_MAX,287,3
PREV_AMT_ANNUITY_MEAN,384,3
PREV_AMT_ANNUITY_SUM,217,3
PREV_AMT_APPLICATION_MIN,100,3
PREV_AMT_APPLICATION_MAX,112,3
PREV_AMT_APPLICATION_MEAN,200,3
PREV_AMT_APPLICATION_SUM,131,3
PREV_AMT_CREDIT_MIN,170,3
PREV_AMT_CREDIT_MAX,154,3
PREV_AMT_CREDIT_MEAN,241,3
PREV_AMT_CREDIT_SUM,128,3
PREV_APP_CREDIT_RATIO_MIN,88,3
PREV_APP_CREDIT_RATIO_MAX,376,3
PREV_APP_CREDIT_RATIO_MEAN,352,3
PREV_APP_CREDIT_RATIO_VAR,270,3
PREV_AMT_DOWN_PAYMENT_MIN,147,3
PREV_AMT_DOWN_PAYMENT_MAX,238,3
PREV_AMT_DOWN_PAYMENT_MEAN,226,3
PREV_AMT_DOWN_PAYMENT_SUM,266,3
PREV_AMT_GOODS_PRICE_MIN,348,3
PREV_AMT_GOODS_PRICE_MAX,14,3
PREV_AMT_GOODS_PRICE_MEAN,238,3
PREV_AMT_GOODS_PRICE_SUM,22,3
PREV_CREDIT_TO_GOODS_RATIO_MIN,157,3
PREV_CREDIT_TO_GOODS_RATIO_MAX,521,3
PREV_CREDIT_TO_GOODS_RATIO_MEAN,447,3
PREV_CREDIT_TO_GOODS_RATIO_VAR,231,3
PREV_HOUR_APPR_PROCESS_START_MIN,146,3
PREV_HOUR_APPR_PROCESS_START_MAX,161,3
PREV_HOUR_APPR_PROCESS_START_MEAN,489,3
PREV_DAYS_DECISION_MIN,208,3
PREV_DAYS_DECISION_MAX,446,3
PREV_DAYS_DECISION_MEAN,289,3
PREV_CNT_PAYMENT_MIN,80,3
PREV_CNT_PAYMENT_MAX,65,3
PREV_CNT_PAYMENT_MEAN,384,3
PREV_CNT_PAYMENT_SUM,215,3
REFUSED_SK_ID_PREV_NUNIQUE,190,3
REFUSED_SK_ID_PREV_COUNT,13,3
REFUSED_AMT_CREDIT_MIN,140,3
REFUSED_AMT_CREDIT_MAX,111,3
REFUSED_AMT_CREDIT_MEAN,67,3
REFUSED_AMT_CREDIT_SUM,131,3
REFUSED_AMT_APPLICATION_MIN,110,3
REFUSED_AMT_APPLICATION_MAX,102,3
REFUSED_AMT_APPLICATION_MEAN,66,3
REFUSED_AMT_APPLICATION_SUM,97,3
POS_SK_ID_PREV_NUNIQUE,78,3
POS_SK_ID_PREV_COUNT,259,3
POS_MONTHS_BALANCE_MIN,174,3
POS_MONTHS_BALANCE_MAX,284,3
POS_MONTHS_BALANCE_MEAN,292,3
POS_MONTHS_BALANCE_SIZE,13,3
POS_CNT_INSTALMENT_MIN,175,3
POS_CNT_INSTALMENT_MAX,54,3
POS_CNT_INSTALMENT_MEAN,240,3
POS_CNT_INSTALMENT_SUM,222,3
POS_CNT_INSTALMENT_FUTURE_MIN,7,3
POS_CNT_INSTALMENT_FUTURE_MAX,48,3
POS_CNT_INSTALMENT_FUTURE_MEAN,518,3
POS_CNT_INSTALMENT_FUTURE_SUM,182,3
POS_SK_DPD_MAX,73,3
POS_SK_DPD_MEAN,61,3
POS_SK_DPD_SUM,60,3
POS_SK_DPD_DEF_MAX,33,3
POS_SK_DPD_DEF_MEAN,121,3
POS_SK_DPD_DEF_SUM,54,3
POS_LATEST_SK_ID_PREV_COUNT,3,3
POS_LATEST_CNT_INSTALMENT_MIN,32,3
POS_LATEST_CNT_INSTALMENT_MAX,107,3
POS_LATEST_CNT_INSTALMENT_MEAN,244,3
POS_LATEST_CNT_INSTALMENT_SUM,148,3
POS_LATEST_CNT_INSTALMENT_FUTURE_MIN,0,3
POS_LATEST_CNT_INSTALMENT_FUTURE_MAX,170,3
POS_LATEST_CNT_INSTALMENT_FUTURE_MEAN,311,3
POS_LATEST_CNT_INSTALMENT_FUTURE_SUM,258,3
POS_LATEST_SK_DPD_MAX,20,3
POS_LATEST_SK_DPD_MEAN,27,3
POS_LATEST_SK_DPD_DEF_MAX,10,3
POS_LATEST_SK_DPD_DEF_MEAN,26,3
INST_SK_ID_PREV_NUNIQUE,29,3
INST_SK_ID_PREV_COUNT,195,3
INST_NUM_INSTALMENT_VERSION_NUNIQUE,101,3
INST_NUM_INSTALMENT_VERSION_MAX,71,3
INST_DAYS_INSTALMENT_MIN,224,3
INST_DAYS_INSTALMENT_MAX,357,3
INST_DAYS_INSTALMENT_MEAN,207,3
INST_DAYS_ENTRY_PAYMENT_MIN,155,3
INST_DAYS_ENTRY_PAYMENT_MAX,430,3
INST_DAYS_ENTRY_PAYMENT_MEAN,168,3
INST_AMT_INSTALMENT_MIN,396,3
INST_AMT_INSTALMENT_MAX,275,3
INST_AMT_INSTALMENT_MEAN,278,3
INST_AMT_INSTALMENT_SUM,277,3
INST_AMT_PAYMENT_MIN,314,3
INST_AMT_PAYMENT_MAX,233,3
INST_AMT_PAYMENT_MEAN,332,3
INST_AMT_PAYMENT_SUM,490,3
INST_PAYMENT_RATIO_MIN,230,3
INST_PAYMENT_RATIO_MAX,54,3
INST_PAYMENT_RATIO_MEAN,222,3
INST_PAYMENT_RATIO_VAR,255,3
INST_PAYMENT_DIFF_MIN,36,3
INST_PAYMENT_DIFF_MAX,196,3
INST_PAYMENT_DIFF_MEAN,269,3
INST_PAYMENT_DIFF_SUM,187,3
INST_DAYS_LATE_MAX,121,3
INST_DAYS_LATE_MEAN,371,3
INST_DAYS_LATE_SUM,112,3
INST_DAYS_EARLY_MAX,366,3
INST_DAYS_EARLY_MEAN,422,3
INST_DAYS_EARLY_SUM,445,3
LATE_SK_ID_PREV_NUNIQUE,65,3
LATE_SK_ID_PREV_COUNT,69,3
LATE_DAYS_LATE_MAX,6,3
LATE_DAYS_LATE_MEAN,262,3
LATE_DAYS_LATE_SUM,8,3
LATE_AMT_PAYMENT_MIN,360,3
LATE_AMT_PAYMENT_MAX,298,3
LATE_AMT_PAYMENT_MEAN,253,3
LATE_AMT_PAYMENT_SUM,231,3
CC_SK_ID_PREV_NUNIQUE,0,3
CC_SK_ID_PREV_COUNT,33,3
CC_MONTHS_BALANCE_MIN,14,3
CC_MONTHS_BALANCE_MAX,19,3
CC_MONTHS_BALANCE_SIZE,1,3
CC_MONTHS_BALANCE_MEAN,35,3
CC_AMT_BALANCE_MIN,61,3
CC_AMT_BALANCE_MAX,16,3
CC_AMT_BALANCE_MEAN,34,3
CC_AMT_BALANCE_SUM,16,3
CC_AMT_BALANCE_VAR,67,3
CC_AMT_CREDIT_LIMIT_ACTUAL_MIN,30,3
CC_AMT_CREDIT_LIMIT_ACTUAL_MAX,26,3
CC_AMT_CREDIT_LIMIT_ACTUAL_MEAN,136,3
CC_AMT_CREDIT_LIMIT_ACTUAL_SUM,74,3
CC_AMT_DRAWINGS_ATM_CURRENT_MIN,0,3
CC_AMT_DRAWINGS_ATM_CURRENT_MAX,95,3
CC_AMT_DRAWINGS_ATM_CURRENT_MEAN,93,3
CC_AMT_DRAWINGS_ATM_CURRENT_SUM,56,3
CC_AMT_DRAWINGS_CURRENT_MIN,27,3
CC_AMT_DRAWINGS_CURRENT_MAX,52,3
CC_AMT_DRAWINGS_CURRENT_MEAN,63,3
CC_AMT_DRAWINGS_CURRENT_SUM,40,3
CC_AMT_DRAWINGS_OTHER_CURRENT_MIN,0,3
CC_AMT_DRAWINGS_OTHER_CURRENT_MAX,6,3
CC_AMT_DRAWINGS_OTHER_CURRENT_MEAN,2,3
CC_AMT_DRAWINGS_OTHER_CURRENT_SUM,2,3
CC_AMT_DRAWINGS_POS_CURRENT_MIN,22,3
CC_AMT_DRAWINGS_POS_CURRENT_MAX,50,3
CC_AMT_DRAWINGS_POS_CURRENT_MEAN,67,3
CC_AMT_DRAWINGS_POS_CURRENT_SUM,72,3
CC_AMT_INST_MIN_REGULARITY_MIN,4,3
CC_AMT_INST_MIN_REGULARITY_MAX,22,3
CC_AMT_INST_MIN_REGULARITY_MEAN,37,3
CC_AMT_INST_MIN_REGULARITY_SUM,36,3
CC_AMT_PAYMENT_CURRENT_MIN,108,3
CC_AMT_PAYMENT_CURRENT_MAX,58,3
CC_AMT_PAYMENT_CURRENT_MEAN,82,3
CC_AMT_PAYMENT_CURRENT_SUM,53,3
CC_AMT_PAYMENT_TOTAL_CURRENT_MIN,10,3
CC_AMT_PAYMENT_TOTAL_CURRENT_MAX,89,3
CC_AMT_PAYMENT_TOTAL_CURRENT_MEAN,95,3
CC_AMT_PAYMENT_TOTAL_CURRENT_SUM,37,3
CC_AMT_RECEIVABLE_PRINCIPAL_MIN,28,3
CC_AMT_RECEIVABLE_PRINCIPAL_MAX,21,3
CC_AMT_RECEIVABLE_PRINCIPAL_MEAN,34,3
CC_AMT_RECEIVABLE_PRINCIPAL_SUM,23,3
CC_AMT_RECIVABLE_MIN,96,3
CC_AMT_RECIVABLE_MAX,8,3
CC_AMT_RECIVABLE_MEAN,15,3
CC_AMT_RECIVABLE_SUM,13,3
CC_AMT_TOTAL_RECEIVABLE_MIN,23,3
CC_AMT_TOTAL_RECEIVABLE_MAX,3,3
CC_AMT_TOTAL_RECEIVABLE_MEAN,1,3
CC_AMT_TOTAL_RECEIVABLE_SUM,6,3
CC_CNT_DRAWINGS_ATM_CURRENT_MIN,0,3
CC_CNT_DRAWINGS_ATM_CURRENT_MAX,36,3
CC_CNT_DRAWINGS_ATM_CURRENT_MEAN,196,3
CC_CNT_DRAWINGS_ATM_CURRENT_SUM,69,3
CC_CNT_DRAWINGS_CURRENT_MIN,0,3
CC_CNT_DRAWINGS_CURRENT_MAX,119,3
CC_CNT_DRAWINGS_CURRENT_MEAN,107,3
CC_CNT_DRAWINGS_CURRENT_SUM,58,3
CC_CNT_DRAWINGS_OTHER_CURRENT_MIN,0,3
CC_CNT_DRAWINGS_OTHER_CURRENT_MAX,0,3
CC_CNT_DRAWINGS_OTHER_CURRENT_MEAN,3,3
CC_CNT_DRAWINGS_OTHER_CURRENT_SUM,5,3
CC_CNT_DRAWINGS_POS_CURRENT_MIN,21,3
CC_CNT_DRAWINGS_POS_CURRENT_MAX,54,3
CC_CNT_DRAWINGS_POS_CURRENT_MEAN,51,3
CC_CNT_DRAWINGS_POS_CURRENT_SUM,47,3
CC_CNT_INSTALMENT_MATURE_CUM_MIN,13,3
CC_CNT_INSTALMENT_MATURE_CUM_MAX,40,3
CC_CNT_INSTALMENT_MATURE_CUM_MEAN,22,3
CC_CNT_INSTALMENT_MATURE_CUM_SUM,40,3
CC_SK_DPD_MAX,2,3
CC_SK_DPD_MEAN,22,3
CC_SK_DPD_SUM,15,3
CC_SK_DPD_DEF_MAX,12,3
CC_SK_DPD_DEF_MEAN,54,3
CC_SK_DPD_DEF_SUM,4,3
CC_CREDIT_PAYMENT_RATIO_MIN,0,3
CC_CREDIT_PAYMENT_RATIO_MAX,66,3
CC_CREDIT_PAYMENT_RATIO_MEAN,85,3
CC_CREDIT_PAYMENT_RATIO_VAR,69,3
CC_CREDIT_DRAWINGS_RATIO_MIN,0,3
CC_CREDIT_DRAWINGS_RATIO_MAX,81,3
CC_CREDIT_DRAWINGS_RATIO_MEAN,91,3
CC_CREDIT_DRAWINGS_RATIO_VAR,105,3
CC_LATEST_SK_ID_PREV_COUNT,0,3
CC_LATEST_AMT_BALANCE_MIN,83,3
CC_LATEST_AMT_BALANCE_MAX,105,3
CC_LATEST_AMT_BALANCE_MEAN,115,3
CC_LATEST_AMT_BALANCE_SUM,60,3
CC_LATEST_AMT_CREDIT_LIMIT_ACTUAL_MIN,42,3
CC_LATEST_AMT_CREDIT_LIMIT_ACTUAL_MAX,14,3
CC_LATEST_AMT_CREDIT_LIMIT_ACTUAL_MEAN,21,3
CC_LATEST_AMT_CREDIT_LIMIT_ACTUAL_SUM,32,3
CC_LATEST_AMT_DRAWINGS_CURRENT_MIN,33,3
CC_LATEST_AMT_DRAWINGS_CURRENT_MAX,39,3
CC_LATEST_AMT_DRAWINGS_CURRENT_MEAN,32,3
CC_LATEST_AMT_DRAWINGS_CURRENT_SUM,0,3
CC_LATEST_AMT_PAYMENT_CURRENT_MIN,40,3
CC_LATEST_AMT_PAYMENT_CURRENT_MAX,37,3
CC_LATEST_AMT_PAYMENT_CURRENT_MEAN,36,3
CC_LATEST_AMT_PAYMENT_CURRENT_SUM,1,3
CC_LATEST_SK_DPD_MAX,2,3
CC_LATEST_SK_DPD_MEAN,0,3
CC_LATEST_SK_DPD_DEF_MAX,0,3
CC_LATEST_SK_DPD_DEF_MEAN,0,3
CNT_CHILDREN,44,4
AMT_INCOME_TOTAL,288,4
AMT_CREDIT,450,4
AMT_ANNUITY,667,4
AMT_GOODS_PRICE,408,4
REGION_POPULATION_RELATIVE,435,4
DAYS_BIRTH,998,4
DAYS_EMPLOYED,485,4
DAYS_REGISTRATION,596,4
DAYS_ID_PUBLISH,554,4
OWN_CAR_AGE,153,4
FLAG_MOBIL,0,4
FLAG_EMP_PHONE,1,4
FLAG_WORK_PHONE,96,4
FLAG_CONT_MOBILE,0,4
FLAG_PHONE,51,4
FLAG_EMAIL,11,4
CNT_FAM_MEMBERS,24,4
REGION_RATING_CLIENT,51,4
REGION_RATING_CLIENT_W_CITY,96,4
HOUR_APPR_PROCESS_START,167,4
REG_REGION_NOT_LIVE_REGION,0,4
REG_REGION_NOT_WORK_REGION,2,4
LIVE_REGION_NOT_WORK_REGION,2,4
REG_CITY_NOT_LIVE_CITY,67,4
REG_CITY_NOT_WORK_CITY,13,4
LIVE_CITY_NOT_WORK_CITY,39,4
EXT_SOURCE_1,1082,4
EXT_SOURCE_2,1078,4
EXT_SOURCE_3,1007,4
APARTMENTS_AVG,80,4
BASEMENTAREA_AVG,89,4
YEARS_BEGINEXPLUATATION_AVG,77,4
YEARS_BUILD_AVG,22,4
COMMONAREA_AVG,68,4
ELEVATORS_AVG,15,4
ENTRANCES_AVG,24,4
FLOORSMAX_AVG,33,4
FLOORSMIN_AVG,18,4
LANDAREA_AVG,71,4
LIVINGAPARTMENTS_AVG,57,4
LIVINGAREA_AVG,66,4
NONLIVINGAPARTMENTS_AVG,24,4
NONLIVINGAREA_AVG,125,4
APARTMENTS_MODE,57,4
BASEMENTAREA_MODE,60,4
YEARS_BEGINEXPLUATATION_MODE,79,4
YEARS_BUILD_MODE,34,4
COMMONAREA_MODE,49,4
ELEVATORS_MODE,8,4
ENTRANCES_MODE,23,4
FLOORSMAX_MODE,13,4
FLOORSMIN_MODE,19,4
LANDAREA_MODE,100,4
LIVINGAPARTMENTS_MODE,40,4
LIVINGAREA_MODE,53,4
NONLIVINGAPARTMENTS_MODE,20,4
NONLIVINGAREA_MODE,58,4
APARTMENTS_MEDI,49,4
BASEMENTAREA_MEDI,40,4
YEARS_BEGINEXPLUATATION_MEDI,107,4
YEARS_BUILD_MEDI,32,4
COMMONAREA_MEDI,50,4
ELEVATORS_MEDI,3,4
ENTRANCES_MEDI,23,4
FLOORSMAX_MEDI,27,4
FLOORSMIN_MEDI,13,4
LANDAREA_MEDI,35,4
LIVINGAPARTMENTS_MEDI,27,4
LIVINGAREA_MEDI,43,4
NONLIVINGAPARTMENTS_MEDI,17,4
NONLIVINGAREA_MEDI,30,4
TOTALAREA_MODE,103,4
OBS_30_CNT_SOCIAL_CIRCLE,60,4
DEF_30_CNT_SOCIAL_CIRCLE,93,4
OBS_60_CNT_SOCIAL_CIRCLE,95,4
DEF_60_CNT_SOCIAL_CIRCLE,101,4
DAYS_LAST_PHONE_CHANGE,496,4
FLAG_DOCUMENT_2,0,4
FLAG_DOCUMENT_3,102,4
FLAG_DOCUMENT_4,0,4
FLAG_DOCUMENT_5,1,4
FLAG_DOCUMENT_6,6,4
FLAG_DOCUMENT_7,0,4
FLAG_DOCUMENT_8,10,4
FLAG_DOCUMENT_9,0,4
FLAG_DOCUMENT_10,0,4
FLAG_DOCUMENT_11,8,4
FLAG_DOCUMENT_12,0,4
FLAG_DOCUMENT_13,0,4
FLAG_DOCUMENT_14,0,4
FLAG_DOCUMENT_15,0,4
FLAG_DOCUMENT_16,37,4
FLAG_DOCUMENT_17,0,4
FLAG_DOCUMENT_18,59,4
FLAG_DOCUMENT_19,0,4
FLAG_DOCUMENT_20,0,4
FLAG_DOCUMENT_21,0,4
AMT_REQ_CREDIT_BUREAU_HOUR,0,4
AMT_REQ_CREDIT_BUREAU_DAY,6,4
AMT_REQ_CREDIT_BUREAU_WEEK,17,4
AMT_REQ_CREDIT_BUREAU_MON,31,4
AMT_REQ_CREDIT_BUREAU_QRT,84,4
AMT_REQ_CREDIT_BUREAU_YEAR,86,4
CREDIT_INCOME_RATIO,401,4
ANNUITY_INCOME_RATIO,495,4
CREDIT_TERM,1488,4
DAYS_EMPLOYED_RATIO,394,4
WORKING_INCOME_FLAG,52,4
OWN_CAR_AGE_FLAG,45,4
NAME_CONTRACT_TYPE_Revolving_loans,88,4
NAME_CONTRACT_TYPE_nan,0,4
CODE_GENDER_M,209,4
CODE_GENDER_XNA,0,4
CODE_GENDER_nan,0,4
FLAG_OWN_CAR_Y,102,4
FLAG_OWN_CAR_nan,0,4
FLAG_OWN_REALTY_Y,30,4
FLAG_OWN_REALTY_nan,0,4
NAME_TYPE_SUITE_Family,3,4
NAME_TYPE_SUITE_Group_of_people,0,4
NAME_TYPE_SUITE_Other_A,0,4
NAME_TYPE_SUITE_Other_B,16,4
NAME_TYPE_SUITE_Spouse__partner,23,4
NAME_TYPE_SUITE_Unaccompanied,9,4
NAME_TYPE_SUITE_nan,0,4
NAME_INCOME_TYPE_Commercial_associate,24,4
NAME_INCOME_TYPE_Maternity_leave,0,4
NAME_INCOME_TYPE_Pensioner,2,4
NAME_INCOME_TYPE_State_servant,32,4
NAME_INCOME_TYPE_Student,0,4
NAME_INCOME_TYPE_Unemployed,0,4
NAME_INCOME_TYPE_Working,4,4
NAME_INCOME_TYPE_nan,0,4
NAME_EDUCATION_TYPE_Higher_education,107,4
NAME_EDUCATION_TYPE_Incomplete_higher,28,4
NAME_EDUCATION_TYPE_Lower_secondary,34,4
NAME_EDUCATION_TYPE_Secondary___secondary_special,59,4
NAME_EDUCATION_TYPE_nan,0,4
NAME_FAMILY_STATUS_Married,172,4
NAME_FAMILY_STATUS_Separated,1,4
NAME_FAMILY_STATUS_Single___not_married,27,4
NAME_FAMILY_STATUS_Unknown,0,4
NAME_FAMILY_STATUS_Widow,3,4
NAME_FAMILY_STATUS_nan,0,4
NAME_HOUSING_TYPE_House___apartment,19,4
NAME_HOUSING_TYPE_Municipal_apartment,13,4
NAME_HOUSING_TYPE_Office_apartment,13,4
NAME_HOUSING_TYPE_Rented_apartment,5,4
NAME_HOUSING_TYPE_With_parents,15,4
NAME_HOUSING_TYPE_nan,0,4
OCCUPATION_TYPE_Cleaning_staff,0,4
OCCUPATION_TYPE_Cooking_staff,0,4
OCCUPATION_TYPE_Core_staff,38,4
OCCUPATION_TYPE_Drivers,58,4
OCCUPATION_TYPE_HR_staff,0,4
OCCUPATION_TYPE_High_skill_tech_staff,36,4
OCCUPATION_TYPE_IT_staff,0,4
OCCUPATION_TYPE_Laborers,39,4
OCCUPATION_TYPE_Low_skill_Laborers,19,4
OCCUPATION_TYPE_Managers,2,4
OCCUPATION_TYPE_Medicine_staff,2,4
OCCUPATION_TYPE_Private_service_staff,0,4
OCCUPATION_TYPE_Realty_agents,0,4
OCCUPATION_TYPE_Sales_staff,18,4
OCCUPATION_TYPE_Secretaries,0,4
OCCUPATION_TYPE_Security_staff,10,4
OCCUPATION_TYPE_Waiters_barmen_staff,0,4
OCCUPATION_TYPE_nan,11,4
WEEKDAY_APPR_PROCESS_START_MONDAY,47,4
WEEKDAY_APPR_PROCESS_START_SATURDAY,23,4
WEEKDAY_APPR_PROCESS_START_SUNDAY,15,4
WEEKDAY_APPR_PROCESS_START_THURSDAY,1,4
WEEKDAY_APPR_PROCESS_START_TUESDAY,27,4
WEEKDAY_APPR_PROCESS_START_WEDNESDAY,12,4
WEEKDAY_APPR_PROCESS_START_nan,0,4
ORGANIZATION_TYPE_Agriculture,0,4
ORGANIZATION_TYPE_Bank,7,4
ORGANIZATION_TYPE_Business_Entity_Type_1,0,4
ORGANIZATION_TYPE_Business_Entity_Type_2,0,4
ORGANIZATION_TYPE_Business_Entity_Type_3,46,4
ORGANIZATION_TYPE_Cleaning,0,4
ORGANIZATION_TYPE_Construction,58,4
ORGANIZATION_TYPE_Culture,0,4
ORGANIZATION_TYPE_Electricity,0,4
ORGANIZATION_TYPE_Emergency,0,4
ORGANIZATION_TYPE_Government,0,4
ORGANIZATION_TYPE_Hotel,37,4
ORGANIZATION_TYPE_Housing,0,4
ORGANIZATION_TYPE_Industry__type_1,0,4
ORGANIZATION_TYPE_Industry__type_10,0,4
ORGANIZATION_TYPE_Industry__type_11,0,4
ORGANIZATION_TYPE_Industry__type_12,0,4
ORGANIZATION_TYPE_Industry__type_13,0,4
ORGANIZATION_TYPE_Industry__type_2,0,4
ORGANIZATION_TYPE_Industry__type_3,0,4
ORGANIZATION_TYPE_Industry__type_4,0,4
ORGANIZATION_TYPE_Industry__type_5,0,4
ORGANIZATION_TYPE_Industry__type_6,0,4
ORGANIZATION_TYPE_Industry__type_7,0,4
ORGANIZATION_TYPE_Industry__type_8,0,4
ORGANIZATION_TYPE_Industry__type_9,55,4
ORGANIZATION_TYPE_Insurance,0,4
ORGANIZATION_TYPE_Kindergarten,22,4
ORGANIZATION_TYPE_Legal_Services,0,4
ORGANIZATION_TYPE_Medicine,25,4
ORGANIZATION_TYPE_Military,62,4
ORGANIZATION_TYPE_Mobile,0,4
ORGANIZATION_TYPE_Other,0,4
ORGANIZATION_TYPE_Police,20,4
ORGANIZATION_TYPE_Postal,1,4
ORGANIZATION_TYPE_Realtor,0,4
ORGANIZATION_TYPE_Religion,0,4
ORGANIZATION_TYPE_Restaurant,20,4
ORGANIZATION_TYPE_School,17,4
ORGANIZATION_TYPE_Security,1,4
ORGANIZATION_TYPE_Security_Ministries,12,4
ORGANIZATION_TYPE_Self_employed,83,4
ORGANIZATION_TYPE_Services,0,4
ORGANIZATION_TYPE_Telecom,0,4
ORGANIZATION_TYPE_Trade__type_1,0,4
ORGANIZATION_TYPE_Trade__type_2,1,4
ORGANIZATION_TYPE_Trade__type_3,0,4
ORGANIZATION_TYPE_Trade__type_4,0,4
ORGANIZATION_TYPE_Trade__type_5,0,4
ORGANIZATION_TYPE_Trade__type_6,0,4
ORGANIZATION_TYPE_Trade__type_7,0,4
ORGANIZATION_TYPE_Transport__type_1,0,4
ORGANIZATION_TYPE_Transport__type_2,1,4
ORGANIZATION_TYPE_Transport__type_3,52,4
ORGANIZATION_TYPE_Transport__type_4,14,4
ORGANIZATION_TYPE_University,5,4
ORGANIZATION_TYPE_XNA,0,4
ORGANIZATION_TYPE_nan,0,4
FONDKAPREMONT_MODE_org_spec_account,2,4
FONDKAPREMONT_MODE_reg_oper_account,4,4
FONDKAPREMONT_MODE_reg_oper_spec_account,5,4
FONDKAPREMONT_MODE_nan,4,4
HOUSETYPE_MODE_specific_housing,12,4
HOUSETYPE_MODE_terraced_house,0,4
HOUSETYPE_MODE_nan,1,4
WALLSMATERIAL_MODE_Mixed,0,4
WALLSMATERIAL_MODE_Monolithic,1,4
WALLSMATERIAL_MODE_Others,17,4
WALLSMATERIAL_MODE_Panel,25,4
WALLSMATERIAL_MODE_Stone__brick,29,4
WALLSMATERIAL_MODE_Wooden,0,4
WALLSMATERIAL_MODE_nan,5,4
EMERGENCYSTATE_MODE_Yes,0,4
EMERGENCYSTATE_MODE_nan,17,4
ORIG_NAME_INCOME_TYPE_Commercial_associate,1,4
ORIG_NAME_INCOME_TYPE_Maternity_leave,0,4
ORIG_NAME_INCOME_TYPE_Pensioner,0,4
ORIG_NAME_INCOME_TYPE_State_servant,3,4
ORIG_NAME_INCOME_TYPE_Student,0,4
ORIG_NAME_INCOME_TYPE_Unemployed,0,4
ORIG_NAME_INCOME_TYPE_Working,0,4
ORIG_NAME_INCOME_TYPE_nan,0,4
BUREAU_DAYS_CREDIT_MIN,162,4
BUREAU_DAYS_CREDIT_MAX,599,4
BUREAU_DAYS_CREDIT_MEAN,305,4
BUREAU_DAYS_CREDIT_STD,222,4
BUREAU_DAYS_CREDIT_COUNT,183,4
BUREAU_DAYS_CREDIT_ENDDATE_MIN,246,4
BUREAU_DAYS_CREDIT_ENDDATE_MAX,628,4
BUREAU_DAYS_CREDIT_ENDDATE_MEAN,314,4
BUREAU_DAYS_CREDIT_UPDATE_MIN,219,4
BUREAU_DAYS_CREDIT_UPDATE_MEAN,275,4
BUREAU_CREDIT_DAY_OVERDUE_MAX,22,4
BUREAU_CREDIT_DAY_OVERDUE_MEAN,4,4
BUREAU_CREDIT_DAY_OVERDUE_SUM,7,4
BUREAU_AMT_CREDIT_MAX_OVERDUE_MAX,203,4
BUREAU_AMT_CREDIT_MAX_OVERDUE_MEAN,192,4
BUREAU_AMT_CREDIT_SUM_MAX,309,4
BUREAU_AMT_CREDIT_SUM_MEAN,334,4
BUREAU_AMT_CREDIT_SUM_SUM,312,4
BUREAU_AMT_CREDIT_SUM_DEBT_MAX,244,4
BUREAU_AMT_CREDIT_SUM_DEBT_MEAN,377,4
BUREAU_AMT_CREDIT_SUM_DEBT_SUM,321,4
BUREAU_AMT_CREDIT_SUM_OVERDUE_MAX,36,4
BUREAU_AMT_CREDIT_SUM_OVERDUE_MEAN,27,4
BUREAU_AMT_CREDIT_SUM_OVERDUE_SUM,14,4
BUREAU_AMT_CREDIT_SUM_LIMIT_MAX,62,4
BUREAU_AMT_CREDIT_SUM_LIMIT_MEAN,112,4
BUREAU_AMT_CREDIT_SUM_LIMIT_SUM,107,4
BUREAU_AMT_ANNUITY_MAX,61,4
BUREAU_AMT_ANNUITY_MEAN,89,4
BUREAU_AMT_ANNUITY_SUM,60,4
BUREAU_CNT_CREDIT_PROLONG_MAX,0,4
BUREAU_CNT_CREDIT_PROLONG_MEAN,1,4
BUREAU_CNT_CREDIT_PROLONG_SUM,0,4
BUREAU_BB_MONTHS_BALANCE_MIN_MIN,51,4
BUREAU_BB_MONTHS_BALANCE_MIN_MAX,35,4
BUREAU_BB_MONTHS_BALANCE_MIN_MEAN,49,4
BUREAU_BB_MONTHS_BALANCE_MAX_MIN,32,4
BUREAU_BB_MONTHS_BALANCE_MAX_MAX,24,4
BUREAU_BB_MONTHS_BALANCE_MAX_MEAN,76,4
BUREAU_BB_MONTHS_BALANCE_SIZE_MIN,60,4
BUREAU_BB_MONTHS_BALANCE_SIZE_MAX,75,4
BUREAU_BB_MONTHS_BALANCE_SIZE_MEAN,101,4
BUREAU_BB_MONTHS_BALANCE_SIZE_SUM,181,4
BUREAU_BB_MONTHS_BALANCE_MEAN_MIN,67,4
BUREAU_BB_MONTHS_BALANCE_MEAN_MAX,59,4
BUREAU_BB_MONTHS_BALANCE_MEAN_MEAN,53,4
BUREAU_BB_STATUS_NUNIQUE_MIN,0,4
BUREAU_BB_STATUS_NUNIQUE_MAX,0,4
BUREAU_BB_STATUS_NUNIQUE_MEAN,0,4
CLOSED_DAYS_CREDIT_MIN,131,4
CLOSED_DAYS_CREDIT_MAX,377,4
CLOSED_DAYS_CREDIT_MEAN,181,4
CLOSED_DAYS_CREDIT_COUNT,92,4
CLOSED_AMT_CREDIT_SUM_MAX,157,4
CLOSED_AMT_CREDIT_SUM_MEAN,200,4
CLOSED_AMT_CREDIT_SUM_SUM,250,4
CLOSED_AMT_CREDIT_SUM_DEBT_MAX,31,4
CLOSED_AMT_CREDIT_SUM_DEBT_MEAN,16,4
CLOSED_AMT_CREDIT_SUM_DEBT_SUM,26,4
PREV_SK_ID_PREV_NUNIQUE,51,4
PREV_SK_ID_PREV_COUNT,4,4
PREV_AMT_ANNUITY_MIN,277,4
PREV_AMT_ANNUITY_MAX,202,4
PREV_AMT_ANNUITY_MEAN,324,4
PREV_AMT_ANNUITY_SUM,130,4
PREV_AMT_APPLICATION_MIN,67,4
PREV_AMT_APPLICATION_MAX,87,4
PREV_AMT_APPLICATION_MEAN,158,4
PREV_AMT_APPLICATION_SUM,103,4
PREV_AMT_CREDIT_MIN,109,4
PREV_AMT_CREDIT_MAX,108,4
PREV_AMT_CREDIT_MEAN,146,4
PREV_AMT_CREDIT_SUM,110,4
PREV_APP_CREDIT_RATIO_MIN,65,4
PREV_APP_CREDIT_RATIO_MAX,203,4
PREV_APP_CREDIT_RATIO_MEAN,276,4
PREV_APP_CREDIT_RATIO_VAR,198,4
PREV_AMT_DOWN_PAYMENT_MIN,113,4
PREV_AMT_DOWN_PAYMENT_MAX,196,4
PREV_AMT_DOWN_PAYMENT_MEAN,189,4
PREV_AMT_DOWN_PAYMENT_SUM,213,4
PREV_AMT_GOODS_PRICE_MIN,320,4
PREV_AMT_GOODS_PRICE_MAX,5,4
PREV_AMT_GOODS_PRICE_MEAN,126,4
PREV_AMT_GOODS_PRICE_SUM,29,4
PREV_CREDIT_TO_GOODS_RATIO_MIN,130,4
PREV_CREDIT_TO_GOODS_RATIO_MAX,493,4
PREV_CREDIT_TO_GOODS_RATIO_MEAN,340,4
PREV_CREDIT_TO_GOODS_RATIO_VAR,191,4
PREV_HOUR_APPR_PROCESS_START_MIN,75,4
PREV_HOUR_APPR_PROCESS_START_MAX,147,4
PREV_HOUR_APPR_PROCESS_START_MEAN,316,4
PREV_DAYS_DECISION_MIN,195,4
PREV_DAYS_DECISION_MAX,323,4
PREV_DAYS_DECISION_MEAN,273,4
PREV_CNT_PAYMENT_MIN,48,4
PREV_CNT_PAYMENT_MAX,70,4
PREV_CNT_PAYMENT_MEAN,290,4
PREV_CNT_PAYMENT_SUM,112,4
REFUSED_SK_ID_PREV_NUNIQUE,207,4
REFUSED_SK_ID_PREV_COUNT,8,4
REFUSED_AMT_CREDIT_MIN,137,4
REFUSED_AMT_CREDIT_MAX,67,4
REFUSED_AMT_CREDIT_MEAN,47,4
REFUSED_AMT_CREDIT_SUM,91,4
REFUSED_AMT_APPLICATION_MIN,92,4
REFUSED_AMT_APPLICATION_MAX,51,4
REFUSED_AMT_APPLICATION_MEAN,44,4
REFUSED_AMT_APPLICATION_SUM,69,4
POS_SK_ID_PREV_NUNIQUE,81,4
POS_SK_ID_PREV_COUNT,244,4
POS_MONTHS_BALANCE_MIN,129,4
POS_MONTHS_BALANCE_MAX,252,4
POS_MONTHS_BALANCE_MEAN,202,4
POS_MONTHS_BALANCE_SIZE,12,4
POS_CNT_INSTALMENT_MIN,126,4
POS_CNT_INSTALMENT_MAX,46,4
POS_CNT_INSTALMENT_MEAN,126,4
POS_CNT_INSTALMENT_SUM,125,4
POS_CNT_INSTALMENT_FUTURE_MIN,8,4
POS_CNT_INSTALMENT_FUTURE_MAX,44,4
POS_CNT_INSTALMENT_FUTURE_MEAN,371,4
POS_CNT_INSTALMENT_FUTURE_SUM,138,4
POS_SK_DPD_MAX,32,4
POS_SK_DPD_MEAN,62,4
POS_SK_DPD_SUM,72,4
POS_SK_DPD_DEF_MAX,40,4
POS_SK_DPD_DEF_MEAN,114,4
POS_SK_DPD_DEF_SUM,17,4
POS_LATEST_SK_ID_PREV_COUNT,3,4
POS_LATEST_CNT_INSTALMENT_MIN,15,4
POS_LATEST_CNT_INSTALMENT_MAX,80,4
POS_LATEST_CNT_INSTALMENT_MEAN,194,4
POS_LATEST_CNT_INSTALMENT_SUM,166,4
POS_LATEST_CNT_INSTALMENT_FUTURE_MIN,1,4
POS_LATEST_CNT_INSTALMENT_FUTURE_MAX,143,4
POS_LATEST_CNT_INSTALMENT_FUTURE_MEAN,291,4
POS_LATEST_CNT_INSTALMENT_FUTURE_SUM,239,4
POS_LATEST_SK_DPD_MAX,28,4
POS_LATEST_SK_DPD_MEAN,40,4
POS_LATEST_SK_DPD_DEF_MAX,4,4
POS_LATEST_SK_DPD_DEF_MEAN,11,4
INST_SK_ID_PREV_NUNIQUE,30,4
INST_SK_ID_PREV_COUNT,186,4
INST_NUM_INSTALMENT_VERSION_NUNIQUE,52,4
INST_NUM_INSTALMENT_VERSION_MAX,102,4
INST_DAYS_INSTALMENT_MIN,144,4
INST_DAYS_INSTALMENT_MAX,265,4
INST_DAYS_INSTALMENT_MEAN,141,4
INST_DAYS_ENTRY_PAYMENT_MIN,150,4
INST_DAYS_ENTRY_PAYMENT_MAX,423,4
INST_DAYS_ENTRY_PAYMENT_MEAN,136,4
INST_AMT_INSTALMENT_MIN,343,4
INST_AMT_INSTALMENT_MAX,237,4
INST_AMT_INSTALMENT_MEAN,182,4
INST_AMT_INSTALMENT_SUM,219,4
INST_AMT_PAYMENT_MIN,260,4
INST_AMT_PAYMENT_MAX,192,4
INST_AMT_PAYMENT_MEAN,218,4
INST_AMT_PAYMENT_SUM,436,4
INST_PAYMENT_RATIO_MIN,163,4
INST_PAYMENT_RATIO_MAX,33,4
INST_PAYMENT_RATIO_MEAN,245,4
INST_PAYMENT_RATIO_VAR,152,4
INST_PAYMENT_DIFF_MIN,69,4
INST_PAYMENT_DIFF_MAX,152,4
INST_PAYMENT_DIFF_MEAN,227,4
INST_PAYMENT_DIFF_SUM,114,4
INST_DAYS_LATE_MAX,109,4
INST_DAYS_LATE_MEAN,387,4
INST_DAYS_LATE_SUM,121,4
INST_DAYS_EARLY_MAX,220,4
INST_DAYS_EARLY_MEAN,332,4
INST_DAYS_EARLY_SUM,358,4
LATE_SK_ID_PREV_NUNIQUE,56,4
LATE_SK_ID_PREV_COUNT,41,4
LATE_DAYS_LATE_MAX,5,4
LATE_DAYS_LATE_MEAN,195,4
LATE_DAYS_LATE_SUM,7,4
LATE_AMT_PAYMENT_MIN,241,4
LATE_AMT_PAYMENT_MAX,209,4
LATE_AMT_PAYMENT_MEAN,224,4
LATE_AMT_PAYMENT_SUM,178,4
CC_SK_ID_PREV_NUNIQUE,0,4
CC_SK_ID_PREV_COUNT,33,4
CC_MONTHS_BALANCE_MIN,23,4
CC_MONTHS_BALANCE_MAX,5,4
CC_MONTHS_BALANCE_SIZE,2,4
CC_MONTHS_BALANCE_MEAN,32,4
CC_AMT_BALANCE_MIN,33,4
CC_AMT_BALANCE_MAX,11,4
CC_AMT_BALANCE_MEAN,26,4
CC_AMT_BALANCE_SUM,17,4
CC_AMT_BALANCE_VAR,34,4
CC_AMT_CREDIT_LIMIT_ACTUAL_MIN,21,4
CC_AMT_CREDIT_LIMIT_ACTUAL_MAX,21,4
CC_AMT_CREDIT_LIMIT_ACTUAL_MEAN,79,4
CC_AMT_CREDIT_LIMIT_ACTUAL_SUM,78,4
CC_AMT_DRAWINGS_ATM_CURRENT_MIN,0,4
CC_AMT_DRAWINGS_ATM_CURRENT_MAX,106,4
CC_AMT_DRAWINGS_ATM_CURRENT_MEAN,61,4
CC_AMT_DRAWINGS_ATM_CURRENT_SUM,34,4
CC_AMT_DRAWINGS_CURRENT_MIN,9,4
CC_AMT_DRAWINGS_CURRENT_MAX,36,4
CC_AMT_DRAWINGS_CURRENT_MEAN,37,4
CC_AMT_DRAWINGS_CURRENT_SUM,27,4
CC_AMT_DRAWINGS_OTHER_CURRENT_MIN,0,4
CC_AMT_DRAWINGS_OTHER_CURRENT_MAX,0,4
CC_AMT_DRAWINGS_OTHER_CURRENT_MEAN,16,4
CC_AMT_DRAWINGS_OTHER_CURRENT_SUM,1,4
CC_AMT_DRAWINGS_POS_CURRENT_MIN,2,4
CC_AMT_DRAWINGS_POS_CURRENT_MAX,49,4
CC_AMT_DRAWINGS_POS_CURRENT_MEAN,50,4
CC_AMT_DRAWINGS_POS_CURRENT_SUM,75,4
CC_AMT_INST_MIN_REGULARITY_MIN,8,4
CC_AMT_INST_MIN_REGULARITY_MAX,14,4
CC_AMT_INST_MIN_REGULARITY_MEAN,15,4
CC_AMT_INST_MIN_REGULARITY_SUM,46,4
CC_AMT_PAYMENT_CURRENT_MIN,31,4
CC_AMT_PAYMENT_CURRENT_MAX,34,4
CC_AMT_PAYMENT_CURRENT_MEAN,62,4
CC_AMT_PAYMENT_CURRENT_SUM,44,4
CC_AMT_PAYMENT_TOTAL_CURRENT_MIN,17,4
CC_AMT_PAYMENT_TOTAL_CURRENT_MAX,52,4
CC_AMT_PAYMENT_TOTAL_CURRENT_MEAN,58,4
CC_AMT_PAYMENT_TOTAL_CURRENT_SUM,34,4
CC_AMT_RECEIVABLE_PRINCIPAL_MIN,30,4
CC_AMT_RECEIVABLE_PRINCIPAL_MAX,13,4
CC_AMT_RECEIVABLE_PRINCIPAL_MEAN,11,4
CC_AMT_RECEIVABLE_PRINCIPAL_SUM,13,4
CC_AMT_RECIVABLE_MIN,28,4
CC_AMT_RECIVABLE_MAX,14,4
CC_AMT_RECIVABLE_MEAN,23,4
CC_AMT_RECIVABLE_SUM,11,4
CC_AMT_TOTAL_RECEIVABLE_MIN,2,4
CC_AMT_TOTAL_RECEIVABLE_MAX,1,4
CC_AMT_TOTAL_RECEIVABLE_MEAN,11,4
CC_AMT_TOTAL_RECEIVABLE_SUM,10,4
CC_CNT_DRAWINGS_ATM_CURRENT_MIN,0,4
CC_CNT_DRAWINGS_ATM_CURRENT_MAX,31,4
CC_CNT_DRAWINGS_ATM_CURRENT_MEAN,212,4
CC_CNT_DRAWINGS_ATM_CURRENT_SUM,33,4
CC_CNT_DRAWINGS_CURRENT_MIN,6,4
CC_CNT_DRAWINGS_CURRENT_MAX,117,4
CC_CNT_DRAWINGS_CURRENT_MEAN,94,4
CC_CNT_DRAWINGS_CURRENT_SUM,40,4
CC_CNT_DRAWINGS_OTHER_CURRENT_MIN,0,4
CC_CNT_DRAWINGS_OTHER_CURRENT_MAX,0,4
CC_CNT_DRAWINGS_OTHER_CURRENT_MEAN,14,4
CC_CNT_DRAWINGS_OTHER_CURRENT_SUM,0,4
CC_CNT_DRAWINGS_POS_CURRENT_MIN,0,4
CC_CNT_DRAWINGS_POS_CURRENT_MAX,49,4
CC_CNT_DRAWINGS_POS_CURRENT_MEAN,24,4
CC_CNT_DRAWINGS_POS_CURRENT_SUM,15,4
CC_CNT_INSTALMENT_MATURE_CUM_MIN,3,4
CC_CNT_INSTALMENT_MATURE_CUM_MAX,15,4
CC_CNT_INSTALMENT_MATURE_CUM_MEAN,30,4
CC_CNT_INSTALMENT_MATURE_CUM_SUM,27,4
CC_SK_DPD_MAX,4,4
CC_SK_DPD_MEAN,19,4
CC_SK_DPD_SUM,21,4
CC_SK_DPD_DEF_MAX,2,4
CC_SK_DPD_DEF_MEAN,33,4
CC_SK_DPD_DEF_SUM,11,4
CC_CREDIT_PAYMENT_RATIO_MIN,2,4
CC_CREDIT_PAYMENT_RATIO_MAX,47,4
CC_CREDIT_PAYMENT_RATIO_MEAN,72,4
CC_CREDIT_PAYMENT_RATIO_VAR,59,4
CC_CREDIT_DRAWINGS_RATIO_MIN,16,4
CC_CREDIT_DRAWINGS_RATIO_MAX,67,4
CC_CREDIT_DRAWINGS_RATIO_MEAN,64,4
CC_CREDIT_DRAWINGS_RATIO_VAR,60,4
CC_LATEST_SK_ID_PREV_COUNT,0,4
CC_LATEST_AMT_BALANCE_MIN,131,4
CC_LATEST_AMT_BALANCE_MAX,112,4
CC_LATEST_AMT_BALANCE_MEAN,69,4
CC_LATEST_AMT_BALANCE_SUM,31,4
CC_LATEST_AMT_CREDIT_LIMIT_ACTUAL_MIN,37,4
CC_LATEST_AMT_CREDIT_LIMIT_ACTUAL_MAX,13,4
CC_LATEST_AMT_CREDIT_LIMIT_ACTUAL_MEAN,21,4
CC_LATEST_AMT_CREDIT_LIMIT_ACTUAL_SUM,10,4
CC_LATEST_AMT_DRAWINGS_CURRENT_MIN,33,4
CC_LATEST_AMT_DRAWINGS_CURRENT_MAX,53,4
CC_LATEST_AMT_DRAWINGS_CURRENT_MEAN,21,4
CC_LATEST_AMT_DRAWINGS_CURRENT_SUM,3,4
CC_LATEST_AMT_PAYMENT_CURRENT_MIN,30,4
CC_LATEST_AMT_PAYMENT_CURRENT_MAX,17,4
CC_LATEST_AMT_PAYMENT_CURRENT_MEAN,33,4
CC_LATEST_AMT_PAYMENT_CURRENT_SUM,4,4
CC_LATEST_SK_DPD_MAX,0,4
CC_LATEST_SK_DPD_MEAN,0,4
CC_LATEST_SK_DPD_DEF_MAX,0,4
CC_LATEST_SK_DPD_DEF_MEAN,0,4
CNT_CHILDREN,46,5
AMT_INCOME_TOTAL,311,5
AMT_CREDIT,504,5
AMT_ANNUITY,706,5
AMT_GOODS_PRICE,459,5
REGION_POPULATION_RELATIVE,471,5
DAYS_BIRTH,1010,5
DAYS_EMPLOYED,598,5
DAYS_REGISTRATION,599,5
DAYS_ID_PUBLISH,693,5
OWN_CAR_AGE,156,5
FLAG_MOBIL,0,5
FLAG_EMP_PHONE,3,5
FLAG_WORK_PHONE,107,5
FLAG_CONT_MOBILE,0,5
FLAG_PHONE,36,5
FLAG_EMAIL,1,5
CNT_FAM_MEMBERS,38,5
REGION_RATING_CLIENT,34,5
REGION_RATING_CLIENT_W_CITY,122,5
HOUR_APPR_PROCESS_START,226,5
REG_REGION_NOT_LIVE_REGION,0,5
REG_REGION_NOT_WORK_REGION,6,5
LIVE_REGION_NOT_WORK_REGION,15,5
REG_CITY_NOT_LIVE_CITY,68,5
REG_CITY_NOT_WORK_CITY,10,5
LIVE_CITY_NOT_WORK_CITY,33,5
EXT_SOURCE_1,1109,5
EXT_SOURCE_2,1108,5
EXT_SOURCE_3,966,5
APARTMENTS_AVG,74,5
BASEMENTAREA_AVG,84,5
YEARS_BEGINEXPLUATATION_AVG,47,5
YEARS_BUILD_AVG,38,5
COMMONAREA_AVG,49,5
ELEVATORS_AVG,21,5
ENTRANCES_AVG,45,5
FLOORSMAX_AVG,46,5
FLOORSMIN_AVG,12,5
LANDAREA_AVG,86,5
LIVINGAPARTMENTS_AVG,36,5
LIVINGAREA_AVG,60,5
NONLIVINGAPARTMENTS_AVG,34,5
NONLIVINGAREA_AVG,67,5
APARTMENTS_MODE,81,5
BASEMENTAREA_MODE,83,5
YEARS_BEGINEXPLUATATION_MODE,98,5
YEARS_BUILD_MODE,59,5
COMMONAREA_MODE,51,5
ELEVATORS_MODE,7,5
ENTRANCES_MODE,28,5
FLOORSMAX_MODE,4,5
FLOORSMIN_MODE,19,5
LANDAREA_MODE,65,5
LIVINGAPARTMENTS_MODE,41,5
LIVINGAREA_MODE,46,5
NONLIVINGAPARTMENTS_MODE,2,5
NONLIVINGAREA_MODE,70,5
APARTMENTS_MEDI,57,5
BASEMENTAREA_MEDI,39,5
YEARS_BEGINEXPLUATATION_MEDI,114,5
YEARS_BUILD_MEDI,25,5
COMMONAREA_MEDI,71,5
ELEVATORS_MEDI,7,5
ENTRANCES_MEDI,24,5
FLOORSMAX_MEDI,10,5
FLOORSMIN_MEDI,12,5
LANDAREA_MEDI,57,5
LIVINGAPARTMENTS_MEDI,36,5
LIVINGAREA_MEDI,48,5
NONLIVINGAPARTMENTS_MEDI,28,5
NONLIVINGAREA_MEDI,41,5
TOTALAREA_MODE,141,5
OBS_30_CNT_SOCIAL_CIRCLE,74,5
DEF_30_CNT_SOCIAL_CIRCLE,93,5
OBS_60_CNT_SOCIAL_CIRCLE,73,5
DEF_60_CNT_SOCIAL_CIRCLE,73,5
DAYS_LAST_PHONE_CHANGE,474,5
FLAG_DOCUMENT_2,0,5
FLAG_DOCUMENT_3,91,5
FLAG_DOCUMENT_4,0,5
FLAG_DOCUMENT_5,13,5
FLAG_DOCUMENT_6,4,5
FLAG_DOCUMENT_7,0,5
FLAG_DOCUMENT_8,2,5
FLAG_DOCUMENT_9,0,5
FLAG_DOCUMENT_10,0,5
FLAG_DOCUMENT_11,21,5
FLAG_DOCUMENT_12,0,5
FLAG_DOCUMENT_13,0,5
FLAG_DOCUMENT_14,0,5
FLAG_DOCUMENT_15,0,5
FLAG_DOCUMENT_16,39,5
FLAG_DOCUMENT_17,0,5
FLAG_DOCUMENT_18,48,5
FLAG_DOCUMENT_19,0,5
FLAG_DOCUMENT_20,0,5
FLAG_DOCUMENT_21,0,5
AMT_REQ_CREDIT_BUREAU_HOUR,0,5
AMT_REQ_CREDIT_BUREAU_DAY,16,5
AMT_REQ_CREDIT_BUREAU_WEEK,1,5
AMT_REQ_CREDIT_BUREAU_MON,37,5
AMT_REQ_CREDIT_BUREAU_QRT,57,5
AMT_REQ_CREDIT_BUREAU_YEAR,73,5
CREDIT_INCOME_RATIO,451,5
ANNUITY_INCOME_RATIO,564,5
CREDIT_TERM,1483,5
DAYS_EMPLOYED_RATIO,448,5
WORKING_INCOME_FLAG,48,5
OWN_CAR_AGE_FLAG,30,5
NAME_CONTRACT_TYPE_Revolving_loans,65,5
NAME_CONTRACT_TYPE_nan,0,5
CODE_GENDER_M,215,5
CODE_GENDER_XNA,0,5
CODE_GENDER_nan,0,5
FLAG_OWN_CAR_Y,108,5
FLAG_OWN_CAR_nan,0,5
FLAG_OWN_REALTY_Y,31,5
FLAG_OWN_REALTY_nan,0,5
NAME_TYPE_SUITE_Family,5,5
NAME_TYPE_SUITE_Group_of_people,0,5
NAME_TYPE_SUITE_Other_A,0,5
NAME_TYPE_SUITE_Other_B,0,5
NAME_TYPE_SUITE_Spouse__partner,15,5
NAME_TYPE_SUITE_Unaccompanied,4,5
NAME_TYPE_SUITE_nan,3,5
NAME_INCOME_TYPE_Commercial_associate,7,5
NAME_INCOME_TYPE_Maternity_leave,0,5
NAME_INCOME_TYPE_Pensioner,0,5
NAME_INCOME_TYPE_State_servant,20,5
NAME_INCOME_TYPE_Student,0,5
NAME_INCOME_TYPE_Unemployed,0,5
NAME_INCOME_TYPE_Working,4,5
NAME_INCOME_TYPE_nan,0,5
NAME_EDUCATION_TYPE_Higher_education,88,5
NAME_EDUCATION_TYPE_Incomplete_higher,22,5
NAME_EDUCATION_TYPE_Lower_secondary,25,5
NAME_EDUCATION_TYPE_Secondary___secondary_special,81,5
NAME_EDUCATION_TYPE_nan,0,5
NAME_FAMILY_STATUS_Married,136,5
NAME_FAMILY_STATUS_Separated,12,5
NAME_FAMILY_STATUS_Single___not_married,13,5
NAME_FAMILY_STATUS_Unknown,0,5
NAME_FAMILY_STATUS_Widow,2,5
NAME_FAMILY_STATUS_nan,0,5
NAME_HOUSING_TYPE_House___apartment,32,5
NAME_HOUSING_TYPE_Municipal_apartment,20,5
NAME_HOUSING_TYPE_Office_apartment,48,5
NAME_HOUSING_TYPE_Rented_apartment,2,5
NAME_HOUSING_TYPE_With_parents,4,5
NAME_HOUSING_TYPE_nan,0,5
OCCUPATION_TYPE_Cleaning_staff,0,5
OCCUPATION_TYPE_Cooking_staff,5,5
OCCUPATION_TYPE_Core_staff,39,5
OCCUPATION_TYPE_Drivers,54,5
OCCUPATION_TYPE_HR_staff,0,5
OCCUPATION_TYPE_High_skill_tech_staff,36,5
OCCUPATION_TYPE_IT_staff,0,5
OCCUPATION_TYPE_Laborers,29,5
OCCUPATION_TYPE_Low_skill_Laborers,17,5
OCCUPATION_TYPE_Managers,3,5
OCCUPATION_TYPE_Medicine_staff,29,5
OCCUPATION_TYPE_Private_service_staff,0,5
OCCUPATION_TYPE_Realty_agents,0,5
OCCUPATION_TYPE_Sales_staff,13,5
OCCUPATION_TYPE_Secretaries,0,5
OCCUPATION_TYPE_Security_staff,0,5
OCCUPATION_TYPE_Waiters_barmen_staff,0,5
OCCUPATION_TYPE_nan,19,5
WEEKDAY_APPR_PROCESS_START_MONDAY,52,5
WEEKDAY_APPR_PROCESS_START_SATURDAY,27,5
WEEKDAY_APPR_PROCESS_START_SUNDAY,31,5
WEEKDAY_APPR_PROCESS_START_THURSDAY,21,5
WEEKDAY_APPR_PROCESS_START_TUESDAY,10,5
WEEKDAY_APPR_PROCESS_START_WEDNESDAY,13,5
WEEKDAY_APPR_PROCESS_START_nan,0,5
ORGANIZATION_TYPE_Agriculture,0,5
ORGANIZATION_TYPE_Bank,29,5
ORGANIZATION_TYPE_Business_Entity_Type_1,0,5
ORGANIZATION_TYPE_Business_Entity_Type_2,3,5
ORGANIZATION_TYPE_Business_Entity_Type_3,57,5
ORGANIZATION_TYPE_Cleaning,0,5
ORGANIZATION_TYPE_Construction,49,5
ORGANIZATION_TYPE_Culture,0,5
ORGANIZATION_TYPE_Electricity,2,5
ORGANIZATION_TYPE_Emergency,0,5
ORGANIZATION_TYPE_Government,7,5
ORGANIZATION_TYPE_Hotel,7,5
ORGANIZATION_TYPE_Housing,0,5
ORGANIZATION_TYPE_Industry__type_1,0,5
ORGANIZATION_TYPE_Industry__type_10,0,5
ORGANIZATION_TYPE_Industry__type_11,0,5
ORGANIZATION_TYPE_Industry__type_12,0,5
ORGANIZATION_TYPE_Industry__type_13,0,5
ORGANIZATION_TYPE_Industry__type_2,0,5
ORGANIZATION_TYPE_Industry__type_3,2,5
ORGANIZATION_TYPE_Industry__type_4,0,5
ORGANIZATION_TYPE_Industry__type_5,0,5
ORGANIZATION_TYPE_Industry__type_6,0,5
ORGANIZATION_TYPE_Industry__type_7,0,5
ORGANIZATION_TYPE_Industry__type_8,0,5
ORGANIZATION_TYPE_Industry__type_9,48,5
ORGANIZATION_TYPE_Insurance,0,5
ORGANIZATION_TYPE_Kindergarten,18,5
ORGANIZATION_TYPE_Legal_Services,0,5
ORGANIZATION_TYPE_Medicine,1,5
ORGANIZATION_TYPE_Military,35,5
ORGANIZATION_TYPE_Mobile,0,5
ORGANIZATION_TYPE_Other,9,5
ORGANIZATION_TYPE_Police,21,5
ORGANIZATION_TYPE_Postal,0,5
ORGANIZATION_TYPE_Realtor,0,5
ORGANIZATION_TYPE_Religion,0,5
ORGANIZATION_TYPE_Restaurant,7,5
ORGANIZATION_TYPE_School,44,5
ORGANIZATION_TYPE_Security,0,5
ORGANIZATION_TYPE_Security_Ministries,33,5
ORGANIZATION_TYPE_Self_employed,81,5
ORGANIZATION_TYPE_Services,2,5
ORGANIZATION_TYPE_Telecom,0,5
ORGANIZATION_TYPE_Trade__type_1,0,5
ORGANIZATION_TYPE_Trade__type_2,9,5
ORGANIZATION_TYPE_Trade__type_3,0,5
ORGANIZATION_TYPE_Trade__type_4,0,5
ORGANIZATION_TYPE_Trade__type_5,0,5
ORGANIZATION_TYPE_Trade__type_6,0,5
ORGANIZATION_TYPE_Trade__type_7,7,5
ORGANIZATION_TYPE_Transport__type_1,0,5
ORGANIZATION_TYPE_Transport__type_2,0,5
ORGANIZATION_TYPE_Transport__type_3,35,5
ORGANIZATION_TYPE_Transport__type_4,9,5
ORGANIZATION_TYPE_University,12,5
ORGANIZATION_TYPE_XNA,0,5
ORGANIZATION_TYPE_nan,0,5
FONDKAPREMONT_MODE_org_spec_account,18,5
FONDKAPREMONT_MODE_reg_oper_account,7,5
FONDKAPREMONT_MODE_reg_oper_spec_account,28,5
FONDKAPREMONT_MODE_nan,4,5
HOUSETYPE_MODE_specific_housing,2,5
HOUSETYPE_MODE_terraced_house,0,5
HOUSETYPE_MODE_nan,6,5
WALLSMATERIAL_MODE_Mixed,0,5
WALLSMATERIAL_MODE_Monolithic,6,5
WALLSMATERIAL_MODE_Others,18,5
WALLSMATERIAL_MODE_Panel,29,5
WALLSMATERIAL_MODE_Stone__brick,28,5
WALLSMATERIAL_MODE_Wooden,0,5
WALLSMATERIAL_MODE_nan,5,5
EMERGENCYSTATE_MODE_Yes,6,5
EMERGENCYSTATE_MODE_nan,9,5
ORIG_NAME_INCOME_TYPE_Commercial_associate,0,5
ORIG_NAME_INCOME_TYPE_Maternity_leave,0,5
ORIG_NAME_INCOME_TYPE_Pensioner,0,5
ORIG_NAME_INCOME_TYPE_State_servant,2,5
ORIG_NAME_INCOME_TYPE_Student,0,5
ORIG_NAME_INCOME_TYPE_Unemployed,0,5
ORIG_NAME_INCOME_TYPE_Working,0,5
ORIG_NAME_INCOME_TYPE_nan,0,5
BUREAU_DAYS_CREDIT_MIN,133,5
BUREAU_DAYS_CREDIT_MAX,601,5
BUREAU_DAYS_CREDIT_MEAN,273,5
BUREAU_DAYS_CREDIT_STD,201,5
BUREAU_DAYS_CREDIT_COUNT,214,5
BUREAU_DAYS_CREDIT_ENDDATE_MIN,170,5
BUREAU_DAYS_CREDIT_ENDDATE_MAX,599,5
BUREAU_DAYS_CREDIT_ENDDATE_MEAN,368,5
BUREAU_DAYS_CREDIT_UPDATE_MIN,228,5
BUREAU_DAYS_CREDIT_UPDATE_MEAN,245,5
BUREAU_CREDIT_DAY_OVERDUE_MAX,5,5
BUREAU_CREDIT_DAY_OVERDUE_MEAN,0,5
BUREAU_CREDIT_DAY_OVERDUE_SUM,3,5
BUREAU_AMT_CREDIT_MAX_OVERDUE_MAX,220,5
BUREAU_AMT_CREDIT_MAX_OVERDUE_MEAN,236,5
BUREAU_AMT_CREDIT_SUM_MAX,322,5
BUREAU_AMT_CREDIT_SUM_MEAN,310,5
BUREAU_AMT_CREDIT_SUM_SUM,325,5
BUREAU_AMT_CREDIT_SUM_DEBT_MAX,209,5
BUREAU_AMT_CREDIT_SUM_DEBT_MEAN,292,5
BUREAU_AMT_CREDIT_SUM_DEBT_SUM,315,5
BUREAU_AMT_CREDIT_SUM_OVERDUE_MAX,46,5
BUREAU_AMT_CREDIT_SUM_OVERDUE_MEAN,54,5
BUREAU_AMT_CREDIT_SUM_OVERDUE_SUM,8,5
BUREAU_AMT_CREDIT_SUM_LIMIT_MAX,96,5
BUREAU_AMT_CREDIT_SUM_LIMIT_MEAN,111,5
BUREAU_AMT_CREDIT_SUM_LIMIT_SUM,58,5
BUREAU_AMT_ANNUITY_MAX,71,5
BUREAU_AMT_ANNUITY_MEAN,66,5
BUREAU_AMT_ANNUITY_SUM,49,5
BUREAU_CNT_CREDIT_PROLONG_MAX,7,5
BUREAU_CNT_CREDIT_PROLONG_MEAN,18,5
BUREAU_CNT_CREDIT_PROLONG_SUM,0,5
BUREAU_BB_MONTHS_BALANCE_MIN_MIN,42,5
BUREAU_BB_MONTHS_BALANCE_MIN_MAX,46,5
BUREAU_BB_MONTHS_BALANCE_MIN_MEAN,54,5
BUREAU_BB_MONTHS_BALANCE_MAX_MIN,26,5
BUREAU_BB_MONTHS_BALANCE_MAX_MAX,3,5
BUREAU_BB_MONTHS_BALANCE_MAX_MEAN,72,5
BUREAU_BB_MONTHS_BALANCE_SIZE_MIN,49,5
BUREAU_BB_MONTHS_BALANCE_SIZE_MAX,82,5
BUREAU_BB_MONTHS_BALANCE_SIZE_MEAN,97,5
BUREAU_BB_MONTHS_BALANCE_SIZE_SUM,125,5
BUREAU_BB_MONTHS_BALANCE_MEAN_MIN,81,5
BUREAU_BB_MONTHS_BALANCE_MEAN_MAX,58,5
BUREAU_BB_MONTHS_BALANCE_MEAN_MEAN,46,5
BUREAU_BB_STATUS_NUNIQUE_MIN,0,5
BUREAU_BB_STATUS_NUNIQUE_MAX,0,5
BUREAU_BB_STATUS_NUNIQUE_MEAN,0,5
CLOSED_DAYS_CREDIT_MIN,122,5
CLOSED_DAYS_CREDIT_MAX,372,5
CLOSED_DAYS_CREDIT_MEAN,158,5
CLOSED_DAYS_CREDIT_COUNT,69,5
CLOSED_AMT_CREDIT_SUM_MAX,194,5
CLOSED_AMT_CREDIT_SUM_MEAN,236,5
CLOSED_AMT_CREDIT_SUM_SUM,280,5
CLOSED_AMT_CREDIT_SUM_DEBT_MAX,37,5
CLOSED_AMT_CREDIT_SUM_DEBT_MEAN,11,5
CLOSED_AMT_CREDIT_SUM_DEBT_SUM,18,5
PREV_SK_ID_PREV_NUNIQUE,34,5
PREV_SK_ID_PREV_COUNT,2,5
PREV_AMT_ANNUITY_MIN,278,5
PREV_AMT_ANNUITY_MAX,220,5
PREV_AMT_ANNUITY_MEAN,289,5
PREV_AMT_ANNUITY_SUM,209,5
PREV_AMT_APPLICATION_MIN,89,5
PREV_AMT_APPLICATION_MAX,118,5
PREV_AMT_APPLICATION_MEAN,185,5
PREV_AMT_APPLICATION_SUM,93,5
PREV_AMT_CREDIT_MIN,143,5
PREV_AMT_CREDIT_MAX,105,5
PREV_AMT_CREDIT_MEAN,153,5
PREV_AMT_CREDIT_SUM,152,5
PREV_APP_CREDIT_RATIO_MIN,81,5
PREV_APP_CREDIT_RATIO_MAX,321,5
PREV_APP_CREDIT_RATIO_MEAN,227,5
PREV_APP_CREDIT_RATIO_VAR,222,5
PREV_AMT_DOWN_PAYMENT_MIN,110,5
PREV_AMT_DOWN_PAYMENT_MAX,243,5
PREV_AMT_DOWN_PAYMENT_MEAN,205,5
PREV_AMT_DOWN_PAYMENT_SUM,190,5
PREV_AMT_GOODS_PRICE_MIN,263,5
PREV_AMT_GOODS_PRICE_MAX,18,5
PREV_AMT_GOODS_PRICE_MEAN,164,5
PREV_AMT_GOODS_PRICE_SUM,15,5
PREV_CREDIT_TO_GOODS_RATIO_MIN,91,5
PREV_CREDIT_TO_GOODS_RATIO_MAX,479,5
PREV_CREDIT_TO_GOODS_RATIO_MEAN,331,5
PREV_CREDIT_TO_GOODS_RATIO_VAR,215,5
PREV_HOUR_APPR_PROCESS_START_MIN,92,5
PREV_HOUR_APPR_PROCESS_START_MAX,170,5
PREV_HOUR_APPR_PROCESS_START_MEAN,359,5
PREV_DAYS_DECISION_MIN,153,5
PREV_DAYS_DECISION_MAX,359,5
PREV_DAYS_DECISION_MEAN,273,5
PREV_CNT_PAYMENT_MIN,50,5
PREV_CNT_PAYMENT_MAX,62,5
PREV_CNT_PAYMENT_MEAN,333,5
PREV_CNT_PAYMENT_SUM,137,5
REFUSED_SK_ID_PREV_NUNIQUE,182,5
REFUSED_SK_ID_PREV_COUNT,8,5
REFUSED_AMT_CREDIT_MIN,131,5
REFUSED_AMT_CREDIT_MAX,92,5
REFUSED_AMT_CREDIT_MEAN,59,5
REFUSED_AMT_CREDIT_SUM,111,5
REFUSED_AMT_APPLICATION_MIN,94,5
REFUSED_AMT_APPLICATION_MAX,79,5
REFUSED_AMT_APPLICATION_MEAN,56,5
REFUSED_AMT_APPLICATION_SUM,103,5
POS_SK_ID_PREV_NUNIQUE,67,5
POS_SK_ID_PREV_COUNT,261,5
POS_MONTHS_BALANCE_MIN,141,5
POS_MONTHS_BALANCE_MAX,212,5
POS_MONTHS_BALANCE_MEAN,211,5
POS_MONTHS_BALANCE_SIZE,9,5
POS_CNT_INSTALMENT_MIN,110,5
POS_CNT_INSTALMENT_MAX,52,5
POS_CNT_INSTALMENT_MEAN,167,5
POS_CNT_INSTALMENT_SUM,146,5
POS_CNT_INSTALMENT_FUTURE_MIN,4,5
POS_CNT_INSTALMENT_FUTURE_MAX,77,5
POS_CNT_INSTALMENT_FUTURE_MEAN,392,5
POS_CNT_INSTALMENT_FUTURE_SUM,118,5
POS_SK_DPD_MAX,30,5
POS_SK_DPD_MEAN,57,5
POS_SK_DPD_SUM,91,5
POS_SK_DPD_DEF_MAX,42,5
POS_SK_DPD_DEF_MEAN,139,5
POS_SK_DPD_DEF_SUM,32,5
POS_LATEST_SK_ID_PREV_COUNT,8,5
POS_LATEST_CNT_INSTALMENT_MIN,17,5
POS_LATEST_CNT_INSTALMENT_MAX,54,5
POS_LATEST_CNT_INSTALMENT_MEAN,188,5
POS_LATEST_CNT_INSTALMENT_SUM,151,5
POS_LATEST_CNT_INSTALMENT_FUTURE_MIN,0,5
POS_LATEST_CNT_INSTALMENT_FUTURE_MAX,232,5
POS_LATEST_CNT_INSTALMENT_FUTURE_MEAN,287,5
POS_LATEST_CNT_INSTALMENT_FUTURE_SUM,135,5
POS_LATEST_SK_DPD_MAX,22,5
POS_LATEST_SK_DPD_MEAN,29,5
POS_LATEST_SK_DPD_DEF_MAX,3,5
POS_LATEST_SK_DPD_DEF_MEAN,24,5
INST_SK_ID_PREV_NUNIQUE,44,5
INST_SK_ID_PREV_COUNT,186,5
INST_NUM_INSTALMENT_VERSION_NUNIQUE,73,5
INST_NUM_INSTALMENT_VERSION_MAX,70,5
INST_DAYS_INSTALMENT_MIN,207,5
INST_DAYS_INSTALMENT_MAX,282,5
INST_DAYS_INSTALMENT_MEAN,136,5
INST_DAYS_ENTRY_PAYMENT_MIN,166,5
INST_DAYS_ENTRY_PAYMENT_MAX,356,5
INST_DAYS_ENTRY_PAYMENT_MEAN,125,5
INST_AMT_INSTALMENT_MIN,384,5
INST_AMT_INSTALMENT_MAX,215,5
INST_AMT_INSTALMENT_MEAN,169,5
INST_AMT_INSTALMENT_SUM,179,5
INST_AMT_PAYMENT_MIN,285,5
INST_AMT_PAYMENT_MAX,211,5
INST_AMT_PAYMENT_MEAN,305,5
INST_AMT_PAYMENT_SUM,400,5
INST_PAYMENT_RATIO_MIN,185,5
INST_PAYMENT_RATIO_MAX,20,5
INST_PAYMENT_RATIO_MEAN,180,5
INST_PAYMENT_RATIO_VAR,156,5
INST_PAYMENT_DIFF_MIN,36,5
INST_PAYMENT_DIFF_MAX,152,5
INST_PAYMENT_DIFF_MEAN,205,5
INST_PAYMENT_DIFF_SUM,200,5
INST_DAYS_LATE_MAX,91,5
INST_DAYS_LATE_MEAN,375,5
INST_DAYS_LATE_SUM,99,5
INST_DAYS_EARLY_MAX,360,5
INST_DAYS_EARLY_MEAN,302,5
INST_DAYS_EARLY_SUM,382,5
LATE_SK_ID_PREV_NUNIQUE,101,5
LATE_SK_ID_PREV_COUNT,70,5
LATE_DAYS_LATE_MAX,1,5
LATE_DAYS_LATE_MEAN,199,5
LATE_DAYS_LATE_SUM,4,5
LATE_AMT_PAYMENT_MIN,229,5
LATE_AMT_PAYMENT_MAX,265,5
LATE_AMT_PAYMENT_MEAN,234,5
LATE_AMT_PAYMENT_SUM,188,5
CC_SK_ID_PREV_NUNIQUE,0,5
CC_SK_ID_PREV_COUNT,61,5
CC_MONTHS_BALANCE_MIN,20,5
CC_MONTHS_BALANCE_MAX,20,5
CC_MONTHS_BALANCE_SIZE,3,5
CC_MONTHS_BALANCE_MEAN,27,5
CC_AMT_BALANCE_MIN,32,5
CC_AMT_BALANCE_MAX,18,5
CC_AMT_BALANCE_MEAN,13,5
CC_AMT_BALANCE_SUM,14,5
CC_AMT_BALANCE_VAR,82,5
CC_AMT_CREDIT_LIMIT_ACTUAL_MIN,24,5
CC_AMT_CREDIT_LIMIT_ACTUAL_MAX,15,5
CC_AMT_CREDIT_LIMIT_ACTUAL_MEAN,150,5
CC_AMT_CREDIT_LIMIT_ACTUAL_SUM,81,5
CC_AMT_DRAWINGS_ATM_CURRENT_MIN,0,5
CC_AMT_DRAWINGS_ATM_CURRENT_MAX,68,5
CC_AMT_DRAWINGS_ATM_CURRENT_MEAN,45,5
CC_AMT_DRAWINGS_ATM_CURRENT_SUM,30,5
CC_AMT_DRAWINGS_CURRENT_MIN,43,5
CC_AMT_DRAWINGS_CURRENT_MAX,48,5
CC_AMT_DRAWINGS_CURRENT_MEAN,28,5
CC_AMT_DRAWINGS_CURRENT_SUM,35,5
CC_AMT_DRAWINGS_OTHER_CURRENT_MIN,0,5
CC_AMT_DRAWINGS_OTHER_CURRENT_MAX,24,5
CC_AMT_DRAWINGS_OTHER_CURRENT_MEAN,2,5
CC_AMT_DRAWINGS_OTHER_CURRENT_SUM,1,5
CC_AMT_DRAWINGS_POS_CURRENT_MIN,12,5
CC_AMT_DRAWINGS_POS_CURRENT_MAX,49,5
CC_AMT_DRAWINGS_POS_CURRENT_MEAN,50,5
CC_AMT_DRAWINGS_POS_CURRENT_SUM,56,5
CC_AMT_INST_MIN_REGULARITY_MIN,9,5
CC_AMT_INST_MIN_REGULARITY_MAX,11,5
CC_AMT_INST_MIN_REGULARITY_MEAN,15,5
CC_AMT_INST_MIN_REGULARITY_SUM,47,5
CC_AMT_PAYMENT_CURRENT_MIN,47,5
CC_AMT_PAYMENT_CURRENT_MAX,61,5
CC_AMT_PAYMENT_CURRENT_MEAN,82,5
CC_AMT_PAYMENT_CURRENT_SUM,48,5
CC_AMT_PAYMENT_TOTAL_CURRENT_MIN,1,5
CC_AMT_PAYMENT_TOTAL_CURRENT_MAX,51,5
CC_AMT_PAYMENT_TOTAL_CURRENT_MEAN,80,5
CC_AMT_PAYMENT_TOTAL_CURRENT_SUM,28,5
CC_AMT_RECEIVABLE_PRINCIPAL_MIN,7,5
CC_AMT_RECEIVABLE_PRINCIPAL_MAX,25,5
CC_AMT_RECEIVABLE_PRINCIPAL_MEAN,9,5
CC_AMT_RECEIVABLE_PRINCIPAL_SUM,29,5
CC_AMT_RECIVABLE_MIN,58,5
CC_AMT_RECIVABLE_MAX,8,5
CC_AMT_RECIVABLE_MEAN,33,5
CC_AMT_RECIVABLE_SUM,9,5
CC_AMT_TOTAL_RECEIVABLE_MIN,5,5
CC_AMT_TOTAL_RECEIVABLE_MAX,3,5
CC_AMT_TOTAL_RECEIVABLE_MEAN,8,5
CC_AMT_TOTAL_RECEIVABLE_SUM,1,5
CC_CNT_DRAWINGS_ATM_CURRENT_MIN,0,5
CC_CNT_DRAWINGS_ATM_CURRENT_MAX,31,5
CC_CNT_DRAWINGS_ATM_CURRENT_MEAN,203,5
CC_CNT_DRAWINGS_ATM_CURRENT_SUM,48,5
CC_CNT_DRAWINGS_CURRENT_MIN,0,5
CC_CNT_DRAWINGS_CURRENT_MAX,82,5
CC_CNT_DRAWINGS_CURRENT_MEAN,84,5
CC_CNT_DRAWINGS_CURRENT_SUM,28,5
CC_CNT_DRAWINGS_OTHER_CURRENT_MIN,0,5
CC_CNT_DRAWINGS_OTHER_CURRENT_MAX,0,5
CC_CNT_DRAWINGS_OTHER_CURRENT_MEAN,1,5
CC_CNT_DRAWINGS_OTHER_CURRENT_SUM,0,5
CC_CNT_DRAWINGS_POS_CURRENT_MIN,0,5
CC_CNT_DRAWINGS_POS_CURRENT_MAX,47,5
CC_CNT_DRAWINGS_POS_CURRENT_MEAN,49,5
CC_CNT_DRAWINGS_POS_CURRENT_SUM,36,5
CC_CNT_INSTALMENT_MATURE_CUM_MIN,11,5
CC_CNT_INSTALMENT_MATURE_CUM_MAX,13,5
CC_CNT_INSTALMENT_MATURE_CUM_MEAN,33,5
CC_CNT_INSTALMENT_MATURE_CUM_SUM,25,5
CC_SK_DPD_MAX,12,5
CC_SK_DPD_MEAN,23,5
CC_SK_DPD_SUM,45,5
CC_SK_DPD_DEF_MAX,2,5
CC_SK_DPD_DEF_MEAN,41,5
CC_SK_DPD_DEF_SUM,7,5
CC_CREDIT_PAYMENT_RATIO_MIN,0,5
CC_CREDIT_PAYMENT_RATIO_MAX,29,5
CC_CREDIT_PAYMENT_RATIO_MEAN,68,5
CC_CREDIT_PAYMENT_RATIO_VAR,61,5
CC_CREDIT_DRAWINGS_RATIO_MIN,10,5
CC_CREDIT_DRAWINGS_RATIO_MAX,70,5
CC_CREDIT_DRAWINGS_RATIO_MEAN,124,5
CC_CREDIT_DRAWINGS_RATIO_VAR,100,5
CC_LATEST_SK_ID_PREV_COUNT,0,5
CC_LATEST_AMT_BALANCE_MIN,97,5
CC_LATEST_AMT_BALANCE_MAX,127,5
CC_LATEST_AMT_BALANCE_MEAN,50,5
CC_LATEST_AMT_BALANCE_SUM,43,5
CC_LATEST_AMT_CREDIT_LIMIT_ACTUAL_MIN,14,5
CC_LATEST_AMT_CREDIT_LIMIT_ACTUAL_MAX,27,5
CC_LATEST_AMT_CREDIT_LIMIT_ACTUAL_MEAN,14,5
CC_LATEST_AMT_CREDIT_LIMIT_ACTUAL_SUM,5,5
CC_LATEST_AMT_DRAWINGS_CURRENT_MIN,64,5
CC_LATEST_AMT_DRAWINGS_CURRENT_MAX,27,5
CC_LATEST_AMT_DRAWINGS_CURRENT_MEAN,26,5
CC_LATEST_AMT_DRAWINGS_CURRENT_SUM,1,5
CC_LATEST_AMT_PAYMENT_CURRENT_MIN,12,5
CC_LATEST_AMT_PAYMENT_CURRENT_MAX,19,5
CC_LATEST_AMT_PAYMENT_CURRENT_MEAN,15,5
CC_LATEST_AMT_PAYMENT_CURRENT_SUM,1,5
CC_LATEST_SK_DPD_MAX,0,5
CC_LATEST_SK_DPD_MEAN,0,5
CC_LATEST_SK_DPD_DEF_MAX,0,5
CC_LATEST_SK_DPD_DEF_MEAN,0,5
